appointment_id,patient_id,clinic_id,service_type,booking_datetime,appointment_datetime,status,waiting_days,appointment_duration_min,reminder_sent
A00001,P0043,CL002,Community Follow-up,2026-03-31 15:00,2026-04-23 17:00,Rescheduled,23,30,Yes
A00002,P0203,CL001,GP Consultation,2026-06-21 14:30,2026-07-07 15:30,Completed,16,60,Yes
A00003,P0113,CL001,Community Follow-up,2026-01-18 11:30,2026-01-29 14:30,Completed,11,20,Yes
A00004,P0243,CL001,Diagnostic Scan,2026-04-24 09:15,2026-05-10 11:15,Completed,16,30,Yes
A00005,P0030,CL003,Blood Test,2026-02-17 15:45,2026-03-06 15:45,Cancelled by patient,8,45,Yes
A00006,P0157,CL002,Diagnostic Scan,2026-05-06 11:00,2026-05-10 11:00,Completed,4,45,No
A00007,P0208,CL005,Blood Test,2026-03-23 13:00,2026-04-09 15:00,Cancelled by clinic,17,20,Yes
A00008,P0131,CL006,GP Consultation,2026-02-21 10:15,2026-03-18 13:15,Completed,25,60,Yes
A00009,P0206,CL002,Prescription Review,2026-06-06 09:00,2026-06-15 12:00,Cancelled by patient,4,60,Yes
A00010,P0105,CL001,Prescription Review,2026-02-02 13:00,2026-02-16 16:00,Completed,14,20,No
A00011,P0200,CL002,GP Consultation,2026-05-31 10:15,2026-06-13 10:15,Completed,13,30,Yes
A00012,P0083,CL002,Blood Test,2026-03-30 16:30,2026-04-26 16:30,Completed,27,60,Yes
A00013,P0161,CL002,Nurse Appointment,2026-05-17 09:15,2026-06-04 10:15,Completed,18,60,Yes
A00014,P0237,CL005,Prescription Review,2026-01-08 09:00,2026-01-28 11:00,Completed,20,60,Yes
A00015,P0164,CL001,Diagnostic Scan,2026-06-10 16:30,2026-06-30 18:30,Completed,20,45,Yes
A00016,P0019,CL006,Nurse Appointment,2026-02-10 15:45,2026-02-25 18:45,Completed,15,20,Yes
A00017,P0184,CL005,Community Follow-up,2026-03-30 14:15,2026-04-23 16:15,Completed,24,30,Yes
A00018,P0032,CL006,Diagnostic Scan,2026-03-05 10:00,2026-03-06 12:00,No-show,1,45,Yes
A00019,P0222,CL003,Diagnostic Scan,2026-05-28 13:15,2026-06-21 14:15,Rescheduled,24,45,Yes
A00020,P0079,CL003,Community Follow-up,2026-01-24 14:45,2026-01-31 15:45,Completed,7,15,Yes
A00021,P0153,CL006,GP Consultation,2026-06-22 15:30,2026-07-09 15:30,Completed,17,30,Yes
A00022,P0196,CL005,Blood Test,2026-01-12 14:00,2026-01-30 15:00,Completed,18,15,Yes
A00023,P0116,CL003,Diagnostic Scan,2026-06-09 17:00,2026-06-13 17:00,Completed,4,30,Yes
A00024,P0094,CL002,GP Consultation,2026-06-04 16:45,2026-06-20 16:45,Completed,16,30,Yes
A00025,P0133,CL004,Nurse Appointment,2026-06-05 16:15,2026-06-15 18:15,Completed,10,60,Yes
A00026,P0077,CL003,Diagnostic Scan,2026-05-10 16:45,2026-06-01 18:45,Cancelled by clinic,22,30,Yes
A00027,P0029,CL005,Prescription Review,2026-03-20 08:45,2026-03-28 09:45,Completed,8,45,Yes
A00028,P0162,CL004,Nurse Appointment,2026-02-07 11:00,2026-02-25 11:00,Completed,18,30,Yes
A00029,P0106,CL005,Prescription Review,2026-04-16 16:45,2026-05-13 16:45,Completed,27,20,Yes
A00030,P0170,CL006,Community Follow-up,2026-04-07 13:15,2026-04-21 15:15,Completed,14,30,Yes
A00031,P0050,CL003,Prescription Review,2026-05-23 12:15,2026-06-01 14:15,Completed,9,45,Yes
A00032,P0090,CL005,Diagnostic Scan,2026-03-12 12:00,2026-03-30 15:00,Cancelled by clinic,18,20,Yes
A00033,P0074,CL001,Nurse Appointment,2026-03-30 15:30,2026-04-22 18:30,Completed,23,60,Yes
A00034,P0144,CL001,Prescription Review,2026-02-05 09:15,2026-02-12 09:15,No-show,7,20,Yes
A00035,P0014,CL003,GP Consultation,2026-03-26 15:00,2026-04-16 16:00,Rescheduled,21,20,Yes
A00036,P0240,CL004,Prescription Review,2026-05-03 11:30,2026-05-13 13:30,Completed,10,15,Yes
A00037,P0060,CL006,GP Consultation,2026-01-10 10:45,2026-02-07 11:45,Rescheduled,28,45,Yes
A00038,P0048,CL003,Blood Test,2026-01-10 08:30,2026-01-28 08:30,Completed,18,60,Yes
A00039,P0228,CL005,Blood Test,2026-04-30 12:15,2026-05-25 12:15,Completed,25,45,Yes
A00040,P0184,CL005,Diagnostic Scan,2026-03-28 12:15,2026-04-02 15:15,Completed,5,15,Yes
A00041,P0025,CL003,Blood Test,2026-02-05 15:30,2026-02-12 15:30,Completed,7,45,Yes
A00042,P0245,CL001,Prescription Review,2026-05-30 17:00,2026-06-07 19:00,Completed,8,15,Yes
A00043,P0041,CL002,Blood Test,2026-05-09 12:00,2026-05-29 14:00,Completed,20,20,No
A00044,P0123,CL006,Community Follow-up,2026-06-05 13:45,2026-06-27 16:45,Cancelled by clinic,22,20,Yes
A00045,P0175,CL001,GP Consultation,2026-05-15 15:30,2026-05-17 15:30,Cancelled by clinic,2,60,Yes
A00046,P0138,CL006,Prescription Review,2026-03-25 16:45,2026-03-28 17:45,Cancelled by patient,1,15,No
A00047,P0115,CL004,Community Follow-up,2026-02-03 16:45,2026-02-17 16:45,Completed,14,30,Yes
A00048,P0102,CL003,Blood Test,2026-01-01 11:00,2026-01-02 14:00,Cancelled by patient,0,60,No
A00049,P0240,CL004,Prescription Review,2026-01-09 12:45,2026-01-14 13:45,Rescheduled,5,45,Yes
A00050,P0229,CL001,Prescription Review,2026-04-07 14:00,2026-04-28 15:00,Cancelled by clinic,21,15,Yes
A00051,P0138,CL006,Blood Test,2026-02-02 11:00,2026-02-26 11:00,Completed,24,60,Yes
A00052,P0098,CL002,Prescription Review,2026-04-28 13:15,2026-05-06 14:15,Cancelled by patient,4,15,Yes
A00053,P0108,CL001,Community Follow-up,2026-01-05 11:15,2026-01-07 11:15,Completed,2,60,Yes
A00054,P0224,CL004,GP Consultation,2026-01-12 14:45,2026-01-19 15:45,Completed,7,30,Yes
A00055,P0235,CL003,Nurse Appointment,2026-05-28 17:30,2026-06-04 19:30,Rescheduled,7,60,Yes
A00056,P0077,CL003,Community Follow-up,2026-05-23 17:15,2026-06-12 20:15,Completed,20,30,No
A00057,P0172,CL006,Blood Test,2026-05-15 13:45,2026-05-28 14:45,Completed,13,60,Yes
A00058,P0218,CL006,Diagnostic Scan,2026-02-06 15:00,2026-02-23 18:00,Completed,17,20,Yes
A00059,P0066,CL006,GP Consultation,2026-06-15 09:45,2026-07-12 11:45,Completed,27,20,Yes
A00060,P0097,CL004,Diagnostic Scan,2026-06-04 08:00,2026-06-10 09:00,Completed,6,30,Yes
A00061,P0233,CL003,Diagnostic Scan,2026-02-18 09:45,2026-02-25 10:45,Rescheduled,7,60,Yes
A00062,P0073,CL002,Community Follow-up,2026-05-17 13:30,2026-05-25 15:30,No-show,8,45,Yes
A00063,P0185,CL001,GP Consultation,2026-03-23 11:30,2026-04-02 14:30,Completed,10,20,Yes
A00064,P0005,CL002,Nurse Appointment,2026-05-30 17:45,2026-06-08 18:45,Completed,9,45,Yes
A00065,P0063,CL006,Prescription Review,2026-06-17 13:30,2026-07-11 16:30,Cancelled by patient,12,45,Yes
A00066,P0188,CL002,Community Follow-up,2026-02-05 16:45,2026-02-10 16:45,Completed,5,15,No
A00067,P0172,CL006,GP Consultation,2026-01-02 14:15,2026-01-28 15:15,Cancelled by clinic,26,15,Yes
A00068,P0117,CL006,GP Consultation,2026-06-08 17:45,2026-06-29 20:45,Completed,21,60,Yes
A00069,P0005,CL002,Nurse Appointment,2026-03-12 16:30,2026-03-12 19:30,Completed,0,15,Yes
A00070,P0062,CL004,GP Consultation,2026-05-15 12:30,2026-05-23 15:30,Completed,8,45,Yes
A00071,P0063,CL002,Diagnostic Scan,2026-03-18 09:00,2026-03-20 12:00,Completed,2,45,Yes
A00072,P0003,CL001,Community Follow-up,2026-05-08 14:30,2026-05-26 14:30,Rescheduled,18,20,Yes
A00073,P0223,CL004,Prescription Review,2026-05-26 15:30,2026-05-27 15:30,Rescheduled,1,60,Yes
A00074,P0009,CL003,Prescription Review,2026-03-22 08:15,2026-04-09 09:15,Cancelled by clinic,18,15,Yes
A00075,P0145,CL006,Prescription Review,2026-04-10 16:30,2026-04-22 17:30,Cancelled by clinic,12,60,Yes
A00076,P0089,CL005,Blood Test,2026-04-22 11:00,2026-05-02 14:00,Completed,10,30,Yes
A00077,P0116,CL003,Prescription Review,2026-04-02 16:45,2026-04-15 17:45,Completed,13,45,Yes
A00078,P0159,CL003,Diagnostic Scan,2026-03-05 09:00,2026-03-13 10:00,Cancelled by clinic,8,20,Yes
A00079,P0082,CL001,Blood Test,2026-01-24 08:30,2026-02-07 10:30,Completed,14,15,Yes
A00080,P0115,CL006,Blood Test,2026-05-12 14:00,2026-05-12 14:00,Cancelled by patient,0,60,Yes
A00081,P0084,CL001,Prescription Review,2026-03-16 14:45,2026-04-09 14:45,No-show,24,20,Yes
A00082,P0044,CL005,Diagnostic Scan,2026-02-13 10:30,2026-02-22 12:30,Completed,9,20,Yes
A00083,P0108,CL001,Community Follow-up,2026-01-20 13:30,2026-01-27 16:30,Cancelled by patient,3,45,Yes
A00084,P0078,CL004,Diagnostic Scan,2026-04-12 13:45,2026-05-07 15:45,Completed,25,60,Yes
A00085,P0083,CL001,Diagnostic Scan,2026-06-27 11:45,2026-07-07 12:45,Rescheduled,10,30,Yes
A00086,P0163,CL003,Diagnostic Scan,2026-05-28 11:30,2026-06-09 13:30,Completed,12,60,Yes
A00087,P0140,CL002,Diagnostic Scan,2026-05-21 08:45,2026-06-12 09:45,Cancelled by clinic,22,15,Yes
A00088,P0204,CL006,Prescription Review,2026-05-08 10:30,2026-05-15 12:30,Completed,7,45,Yes
A00089,P0019,CL006,Community Follow-up,2026-06-03 15:45,2026-06-20 18:45,Completed,17,30,Yes
A00090,P0208,CL005,Prescription Review,2026-06-13 09:00,2026-07-07 10:00,Completed,24,20,Yes
A00091,P0012,CL005,GP Consultation,2026-06-15 14:30,2026-07-10 17:30,Completed,25,30,Yes
A00092,P0192,CL006,Diagnostic Scan,2026-05-29 17:15,2026-06-12 19:15,Completed,14,60,Yes
A00093,P0039,CL002,GP Consultation,2026-01-07 15:00,2026-01-16 18:00,Completed,9,20,Yes
A00094,P0088,CL003,GP Consultation,2026-02-22 16:45,2026-03-05 19:45,Completed,11,45,Yes
A00095,P0077,CL003,Prescription Review,2026-01-30 08:30,2026-02-19 08:30,Cancelled by clinic,20,20,Yes
A00096,P0142,CL001,Prescription Review,2026-05-24 14:45,2026-05-31 17:45,Completed,7,45,Yes
A00097,P0189,CL003,Prescription Review,2026-02-20 15:45,2026-03-04 15:45,Completed,12,30,Yes
A00098,P0208,CL005,Nurse Appointment,2026-01-27 16:15,2026-02-07 18:15,Completed,11,30,Yes
A00099,P0126,CL006,Community Follow-up,2026-06-13 13:45,2026-07-02 16:45,Completed,19,30,No
A00100,P0159,CL003,Blood Test,2026-06-22 12:00,2026-07-13 13:00,Completed,21,30,Yes
A00101,P0096,CL001,Community Follow-up,2026-05-11 14:45,2026-05-30 15:45,Completed,19,20,Yes
A00102,P0138,CL006,Nurse Appointment,2026-06-15 10:15,2026-06-30 12:15,Completed,15,45,Yes
A00103,P0222,CL003,Community Follow-up,2026-01-03 15:15,2026-01-09 18:15,Completed,6,45,Yes
A00104,P0126,CL006,Nurse Appointment,2026-04-24 15:15,2026-04-26 15:15,Completed,2,30,Yes
A00105,P0074,CL005,Community Follow-up,2026-04-28 17:45,2026-05-15 17:45,Completed,17,60,No
A00106,P0094,CL001,Prescription Review,2026-01-11 15:15,2026-01-24 15:15,Cancelled by clinic,13,20,Yes
A00107,P0009,CL003,Nurse Appointment,2026-03-31 09:45,2026-04-27 09:45,Completed,27,60,Yes
A00108,P0221,CL006,Nurse Appointment,2026-04-20 10:15,2026-05-15 11:15,Cancelled by clinic,25,60,Yes
A00109,P0072,CL006,Community Follow-up,2026-02-13 13:30,2026-02-22 15:30,Rescheduled,9,15,Yes
A00110,P0193,CL001,Prescription Review,2026-03-12 10:15,2026-03-19 11:15,Completed,7,20,Yes
A00111,P0174,CL001,Diagnostic Scan,2026-02-06 17:30,2026-02-26 20:30,Completed,20,15,Yes
A00112,P0192,CL006,Prescription Review,2026-04-05 15:45,2026-04-15 15:45,Completed,10,45,Yes
A00113,P0179,CL005,Nurse Appointment,2026-01-17 16:45,2026-01-23 19:45,Completed,6,30,No
A00114,P0087,CL001,Prescription Review,2026-02-03 17:45,2026-02-28 19:45,Cancelled by patient,12,15,Yes
A00115,P0201,CL001,Diagnostic Scan,2026-02-01 10:45,2026-02-15 10:45,Completed,14,20,No
A00116,P0078,CL004,Blood Test,2026-03-12 09:30,2026-03-20 09:30,Cancelled by patient,4,20,Yes
A00117,P0161,CL002,Prescription Review,2026-06-29 11:45,2026-07-19 11:45,Completed,20,20,Yes
A00118,P0034,CL003,GP Consultation,2026-05-13 15:00,2026-05-13 17:00,Rescheduled,0,45,Yes
A00119,P0123,CL006,Blood Test,2026-04-09 09:00,2026-04-12 11:00,No-show,3,20,Yes
A00120,P0209,CL002,Community Follow-up,2026-06-14 10:00,2026-06-30 10:00,Cancelled by patient,8,45,Yes
A00121,P0055,CL004,GP Consultation,2026-02-08 14:45,2026-03-07 15:45,No-show,27,20,Yes
A00122,P0151,CL003,Prescription Review,2026-04-20 13:15,2026-04-27 15:15,Completed,7,60,Yes
A00123,P0185,CL001,Prescription Review,2026-06-26 08:30,2026-07-02 09:30,Completed,6,15,Yes
A00124,P0204,CL004,Community Follow-up,2026-04-09 09:15,2026-04-24 09:15,No-show,15,15,No
A00125,P0240,CL006,Diagnostic Scan,2026-04-10 17:45,2026-04-21 18:45,Rescheduled,11,15,Yes
A00126,P0018,CL003,Community Follow-up,2026-02-25 08:00,2026-03-22 11:00,Completed,25,60,Yes
A00127,P0109,CL001,Blood Test,2026-06-13 16:15,2026-06-21 16:15,Completed,8,20,No
A00128,P0040,CL006,Prescription Review,2026-04-11 17:00,2026-04-20 20:00,Rescheduled,9,20,Yes
A00129,P0023,CL001,GP Consultation,2026-04-27 17:00,2026-05-06 18:00,Completed,9,20,Yes
A00130,P0042,CL002,Nurse Appointment,2026-03-30 16:30,2026-04-04 18:30,Cancelled by patient,2,30,Yes
A00131,P0031,CL001,Blood Test,2026-03-27 14:30,2026-04-12 14:30,Cancelled by patient,8,60,Yes
A00132,P0128,CL006,Blood Test,2026-04-03 08:45,2026-04-30 09:45,Completed,27,15,No
A00133,P0173,CL002,Nurse Appointment,2026-05-11 08:00,2026-06-07 08:00,Completed,27,30,Yes
A00134,P0039,CL002,Nurse Appointment,2026-01-10 16:45,2026-01-17 18:45,Completed,7,30,Yes
A00135,P0020,CL002,Community Follow-up,2026-01-31 16:00,2026-02-05 17:00,Rescheduled,5,45,Yes
A00136,P0120,CL003,Nurse Appointment,2026-03-25 09:45,2026-03-25 11:45,Completed,0,30,Yes
A00137,P0063,CL006,Nurse Appointment,2026-06-01 15:15,2026-06-24 16:15,Completed,23,45,Yes
A00138,P0139,CL003,Prescription Review,2026-06-27 08:30,2026-06-27 11:30,Cancelled by patient,0,15,Yes
A00139,P0061,CL005,Nurse Appointment,2026-01-16 10:30,2026-01-18 10:30,No-show,2,60,Yes
A00140,P0230,CL002,Prescription Review,2026-01-22 17:00,2026-02-07 18:00,Cancelled by clinic,16,15,Yes
A00141,P0016,CL001,Diagnostic Scan,2026-02-03 11:30,2026-02-11 13:30,Cancelled by clinic,8,30,Yes
A00142,P0070,CL004,Nurse Appointment,2026-02-21 10:00,2026-02-25 10:00,Completed,4,30,Yes
A00143,P0138,CL006,GP Consultation,2026-02-23 15:30,2026-03-09 17:30,Completed,14,30,No
A00144,P0179,CL005,Blood Test,2026-02-25 13:15,2026-02-27 14:15,Completed,2,15,Yes
A00145,P0067,CL002,GP Consultation,2026-01-08 14:45,2026-01-25 15:45,Completed,17,20,Yes
A00146,P0016,CL002,Community Follow-up,2026-02-03 11:45,2026-02-14 11:45,Cancelled by patient,5,15,Yes
A00147,P0017,CL003,GP Consultation,2026-06-15 15:15,2026-06-17 17:15,Completed,2,45,Yes
A00148,P0237,CL005,Nurse Appointment,2026-04-12 15:00,2026-04-24 18:00,Completed,12,20,Yes
A00149,P0115,CL001,Diagnostic Scan,2026-06-07 17:15,2026-06-27 19:15,Completed,20,60,Yes
A00150,P0023,CL002,Prescription Review,2026-02-05 14:15,2026-02-25 15:15,Rescheduled,20,60,Yes
A00151,P0098,CL003,Diagnostic Scan,2026-05-03 16:45,2026-05-14 18:45,Completed,11,15,Yes
A00152,P0057,CL002,Community Follow-up,2026-03-13 08:45,2026-03-29 10:45,Rescheduled,16,20,Yes
A00153,P0169,CL005,Blood Test,2026-05-17 08:15,2026-06-04 11:15,No-show,18,20,Yes
A00154,P0152,CL004,Community Follow-up,2026-06-28 13:00,2026-07-20 15:00,Completed,22,60,No
A00155,P0215,CL004,GP Consultation,2026-05-19 12:15,2026-06-03 12:15,Completed,15,60,Yes
A00156,P0135,CL003,Blood Test,2026-03-26 17:15,2026-04-20 18:15,Cancelled by patient,12,30,Yes
A00157,P0038,CL006,Prescription Review,2026-02-06 09:30,2026-02-08 11:30,Rescheduled,2,45,Yes
A00158,P0087,CL001,Prescription Review,2026-02-04 10:45,2026-03-01 13:45,Completed,25,60,Yes
A00159,P0238,CL005,Prescription Review,2026-04-02 11:15,2026-04-14 13:15,Cancelled by patient,6,20,Yes
A00160,P0001,CL005,Community Follow-up,2026-04-11 17:00,2026-04-16 19:00,Completed,5,60,Yes
A00161,P0128,CL006,Prescription Review,2026-01-20 11:30,2026-01-30 12:30,No-show,10,15,No
A00162,P0172,CL006,Nurse Appointment,2026-03-27 15:00,2026-04-04 16:00,Cancelled by clinic,8,30,Yes
A00163,P0028,CL001,Diagnostic Scan,2026-04-09 15:45,2026-04-14 18:45,No-show,5,30,Yes
A00164,P0026,CL005,GP Consultation,2026-06-16 11:15,2026-06-30 11:15,Completed,14,30,Yes
A00165,P0027,CL005,Community Follow-up,2026-02-13 14:15,2026-03-08 14:15,Rescheduled,23,15,Yes
A00166,P0158,CL006,Nurse Appointment,2026-01-08 14:15,2026-01-27 17:15,Completed,19,30,Yes
A00167,P0049,CL004,Blood Test,2026-05-22 16:30,2026-06-12 18:30,Completed,21,15,Yes
A00168,P0141,CL002,Blood Test,2026-01-14 13:00,2026-01-27 13:00,Cancelled by clinic,13,60,Yes
A00169,P0025,CL003,Blood Test,2026-02-13 12:00,2026-02-28 12:00,Cancelled by clinic,15,45,Yes
A00170,P0170,CL006,Diagnostic Scan,2026-06-14 16:45,2026-06-19 18:45,Completed,5,45,Yes
A00171,P0113,CL001,GP Consultation,2026-02-27 12:00,2026-03-03 12:00,Completed,4,60,Yes
A00172,P0194,CL004,Community Follow-up,2026-05-22 08:45,2026-06-17 11:45,Cancelled by patient,13,45,Yes
A00173,P0061,CL005,GP Consultation,2026-01-21 14:00,2026-02-06 15:00,Rescheduled,16,45,Yes
A00174,P0043,CL002,Nurse Appointment,2026-02-02 08:45,2026-02-04 11:45,Rescheduled,2,20,No
A00175,P0067,CL004,Community Follow-up,2026-01-18 09:45,2026-02-04 12:45,Completed,17,30,Yes
A00176,P0235,CL006,Nurse Appointment,2026-06-09 17:45,2026-06-12 20:45,Completed,3,60,Yes
A00177,P0247,CL001,Diagnostic Scan,2026-05-25 09:30,2026-06-21 11:30,Completed,27,45,Yes
A00178,P0122,CL006,GP Consultation,2026-03-12 14:15,2026-03-31 17:15,Completed,19,30,Yes
A00179,P0013,CL003,Blood Test,2026-04-06 08:30,2026-05-02 10:30,Completed,26,45,No
A00180,P0176,CL003,Blood Test,2026-02-28 10:30,2026-03-23 13:30,Completed,23,45,Yes
A00181,P0023,CL002,GP Consultation,2026-02-24 14:45,2026-03-20 16:45,Completed,24,20,Yes
A00182,P0182,CL006,Nurse Appointment,2026-02-04 16:00,2026-02-09 17:00,No-show,5,20,Yes
A00183,P0013,CL006,Community Follow-up,2026-02-20 12:30,2026-03-18 15:30,Completed,26,15,Yes
A00184,P0062,CL004,Community Follow-up,2026-06-02 15:15,2026-06-29 18:15,Completed,27,30,Yes
A00185,P0229,CL001,GP Consultation,2026-06-26 09:30,2026-06-26 12:30,Completed,0,60,Yes
A00186,P0055,CL006,Community Follow-up,2026-02-27 11:30,2026-03-19 14:30,Completed,20,15,Yes
A00187,P0034,CL003,Prescription Review,2026-06-03 08:15,2026-06-11 10:15,Rescheduled,8,30,Yes
A00188,P0097,CL004,Community Follow-up,2026-03-06 11:45,2026-03-15 14:45,Completed,9,60,No
A00189,P0248,CL003,Diagnostic Scan,2026-05-24 17:30,2026-06-02 17:30,Completed,9,30,Yes
A00190,P0221,CL003,GP Consultation,2026-06-17 12:15,2026-06-21 13:15,Cancelled by clinic,4,60,Yes
A00191,P0082,CL001,Diagnostic Scan,2026-01-07 15:30,2026-01-15 18:30,Completed,8,15,Yes
A00192,P0147,CL003,Community Follow-up,2026-02-26 16:45,2026-03-19 18:45,Completed,21,20,No
A00193,P0225,CL006,Prescription Review,2026-03-17 09:45,2026-03-21 11:45,Cancelled by clinic,4,20,No
A00194,P0231,CL006,Diagnostic Scan,2026-01-23 11:30,2026-01-30 13:30,Cancelled by clinic,7,30,Yes
A00195,P0150,CL006,Diagnostic Scan,2026-01-31 15:00,2026-02-27 15:00,No-show,27,60,Yes
A00196,P0175,CL004,Nurse Appointment,2026-03-18 14:00,2026-04-14 15:00,Rescheduled,27,30,Yes
A00197,P0146,CL004,Diagnostic Scan,2026-02-06 13:15,2026-03-02 13:15,Completed,24,20,Yes
A00198,P0015,CL002,Diagnostic Scan,2026-03-12 11:15,2026-03-30 12:15,Cancelled by clinic,18,15,Yes
A00199,P0112,CL004,GP Consultation,2026-04-14 14:45,2026-04-26 14:45,Completed,12,30,No
A00200,P0229,CL001,Prescription Review,2026-05-16 11:00,2026-06-06 11:00,Cancelled by patient,10,20,Yes
A00201,P0089,CL005,GP Consultation,2026-01-27 14:30,2026-02-01 14:30,Completed,5,30,Yes
A00202,P0134,CL005,Blood Test,2026-03-28 14:15,2026-04-07 17:15,Cancelled by patient,5,20,No
A00203,P0236,CL001,Community Follow-up,2026-02-28 11:15,2026-03-06 11:15,Completed,6,15,Yes
A00204,P0167,CL004,Prescription Review,2026-06-13 12:00,2026-07-02 12:00,Completed,19,15,Yes
A00205,P0030,CL003,Nurse Appointment,2026-04-08 09:30,2026-04-23 10:30,Cancelled by patient,7,15,Yes
A00206,P0170,CL006,Community Follow-up,2026-05-14 12:15,2026-05-27 12:15,Cancelled by clinic,13,15,Yes
A00207,P0201,CL004,Community Follow-up,2026-02-20 17:15,2026-03-16 19:15,Rescheduled,24,30,Yes
A00208,P0076,CL004,Blood Test,2026-05-21 15:15,2026-06-12 18:15,Completed,22,15,Yes
A00209,P0233,CL003,Prescription Review,2026-05-27 15:15,2026-05-29 15:15,Cancelled by patient,1,30,Yes
A00210,P0117,CL003,GP Consultation,2026-03-09 15:00,2026-03-12 16:00,Cancelled by clinic,3,30,Yes
A00211,P0081,CL006,Prescription Review,2026-01-30 09:00,2026-01-30 10:00,Cancelled by patient,0,30,Yes
A00212,P0113,CL003,Diagnostic Scan,2026-01-24 13:30,2026-01-29 13:30,Completed,5,45,Yes
A00213,P0099,CL005,Prescription Review,2026-05-03 14:15,2026-05-06 15:15,Cancelled by patient,1,20,Yes
A00214,P0234,CL004,Blood Test,2026-05-26 15:15,2026-06-14 18:15,Cancelled by patient,9,20,Yes
A00215,P0125,CL004,Prescription Review,2026-04-16 15:00,2026-04-18 17:00,Completed,2,60,Yes
A00216,P0148,CL002,Diagnostic Scan,2026-06-21 13:00,2026-07-04 14:00,Completed,13,45,Yes
A00217,P0212,CL002,Community Follow-up,2026-06-06 08:00,2026-06-26 09:00,No-show,20,45,No
A00218,P0020,CL003,Community Follow-up,2026-03-03 13:30,2026-03-04 14:30,Cancelled by patient,0,45,Yes
A00219,P0021,CL002,Diagnostic Scan,2026-05-27 15:00,2026-06-23 18:00,Completed,27,45,Yes
A00220,P0005,CL002,Community Follow-up,2026-04-16 08:00,2026-05-12 08:00,Rescheduled,26,30,No
A00221,P0144,CL001,Nurse Appointment,2026-06-21 15:30,2026-07-02 15:30,Cancelled by clinic,11,30,Yes
A00222,P0159,CL003,Prescription Review,2026-06-18 13:45,2026-06-21 13:45,Completed,3,30,Yes
A00223,P0163,CL003,GP Consultation,2026-05-21 16:30,2026-06-12 16:30,No-show,22,45,Yes
A00224,P0184,CL004,Diagnostic Scan,2026-01-28 12:15,2026-02-03 12:15,Completed,6,20,Yes
A00225,P0028,CL001,Diagnostic Scan,2026-06-12 17:00,2026-07-06 20:00,Cancelled by patient,12,60,Yes
A00226,P0128,CL006,Community Follow-up,2026-01-13 16:45,2026-02-08 19:45,Cancelled by clinic,26,20,Yes
A00227,P0045,CL002,Diagnostic Scan,2026-01-27 14:30,2026-02-12 17:30,Rescheduled,16,20,Yes
A00228,P0247,CL004,Community Follow-up,2026-03-17 15:15,2026-03-21 18:15,Cancelled by clinic,4,60,Yes
A00229,P0180,CL003,Community Follow-up,2026-03-22 16:15,2026-03-28 17:15,Cancelled by clinic,6,30,No
A00230,P0034,CL006,Blood Test,2026-02-15 16:30,2026-03-09 16:30,Cancelled by patient,11,60,Yes
A00231,P0171,CL006,Community Follow-up,2026-05-17 12:45,2026-06-11 12:45,Completed,25,45,Yes
A00232,P0172,CL006,Nurse Appointment,2026-03-10 10:30,2026-03-31 12:30,No-show,21,30,Yes
A00233,P0139,CL003,Nurse Appointment,2026-04-26 09:15,2026-05-19 12:15,Completed,23,30,Yes
A00234,P0013,CL004,Nurse Appointment,2026-04-17 13:00,2026-04-17 15:00,Cancelled by patient,0,45,No
A00235,P0234,CL004,Blood Test,2026-06-15 13:15,2026-07-09 14:15,Completed,24,15,Yes
A00236,P0045,CL001,Nurse Appointment,2026-04-07 08:45,2026-04-15 10:45,Completed,8,30,Yes
A00237,P0120,CL002,Prescription Review,2026-01-11 10:30,2026-01-30 10:30,Completed,19,30,Yes
A00238,P0147,CL006,Community Follow-up,2026-01-19 13:15,2026-01-24 13:15,Completed,5,60,Yes
A00239,P0024,CL002,Nurse Appointment,2026-02-24 13:30,2026-03-07 15:30,Rescheduled,11,60,Yes
A00240,P0144,CL006,Prescription Review,2026-01-03 09:30,2026-01-17 10:30,Cancelled by patient,7,60,Yes
A00241,P0011,CL001,Community Follow-up,2026-03-24 14:00,2026-04-05 16:00,Cancelled by clinic,12,15,No
A00242,P0211,CL005,Prescription Review,2026-05-11 15:45,2026-05-12 17:45,Completed,1,60,Yes
A00243,P0025,CL003,Nurse Appointment,2026-05-18 16:00,2026-06-07 16:00,Completed,20,20,No
A00244,P0109,CL002,GP Consultation,2026-05-18 14:00,2026-06-10 15:00,Completed,23,30,Yes
A00245,P0019,CL006,Blood Test,2026-03-06 16:00,2026-03-24 17:00,Completed,18,45,Yes
A00246,P0111,CL005,Prescription Review,2026-04-10 09:00,2026-04-30 09:00,Completed,20,15,Yes
A00247,P0129,CL005,Diagnostic Scan,2026-06-25 12:00,2026-07-04 15:00,Completed,9,15,Yes
A00248,P0137,CL005,Blood Test,2026-04-11 16:30,2026-05-01 17:30,Completed,20,30,No
A00249,P0003,CL004,Community Follow-up,2026-05-23 10:00,2026-05-24 10:00,Cancelled by patient,0,60,Yes
A00250,P0022,CL003,Nurse Appointment,2026-03-30 11:45,2026-04-27 12:45,Completed,28,60,No
A00251,P0050,CL003,Prescription Review,2026-06-21 17:00,2026-07-18 20:00,Completed,27,30,Yes
A00252,P0065,CL001,Prescription Review,2026-05-29 15:30,2026-06-09 16:30,Completed,11,15,Yes
A00253,P0018,CL003,Prescription Review,2026-05-05 15:30,2026-05-24 17:30,Completed,19,60,Yes
A00254,P0207,CL004,Nurse Appointment,2026-04-20 10:00,2026-04-30 11:00,Cancelled by clinic,10,45,Yes
A00255,P0093,CL004,Blood Test,2026-03-26 15:45,2026-04-09 17:45,Completed,14,15,Yes
A00256,P0156,CL006,Prescription Review,2026-03-13 10:15,2026-03-21 10:15,Completed,8,15,No
A00257,P0162,CL006,GP Consultation,2026-05-29 17:45,2026-06-22 18:45,Cancelled by patient,12,60,No
A00258,P0139,CL003,Nurse Appointment,2026-02-08 13:45,2026-02-15 15:45,Completed,7,60,Yes
A00259,P0094,CL001,Diagnostic Scan,2026-06-19 11:15,2026-07-13 12:15,Completed,24,60,No
A00260,P0169,CL002,Nurse Appointment,2026-05-04 13:00,2026-05-11 16:00,Completed,7,30,Yes
A00261,P0172,CL006,GP Consultation,2026-04-03 14:45,2026-04-17 14:45,Rescheduled,14,30,Yes
A00262,P0248,CL003,Blood Test,2026-03-12 12:15,2026-03-24 15:15,Completed,12,15,Yes
A00263,P0097,CL002,Diagnostic Scan,2026-05-13 14:30,2026-06-08 16:30,Cancelled by clinic,26,60,Yes
A00264,P0226,CL001,Nurse Appointment,2026-02-12 11:00,2026-02-28 13:00,Completed,16,20,Yes
A00265,P0184,CL006,Diagnostic Scan,2026-02-28 14:30,2026-03-23 14:30,Cancelled by patient,11,45,Yes
A00266,P0042,CL002,Community Follow-up,2026-04-16 08:15,2026-04-17 09:15,Cancelled by patient,0,20,Yes
A00267,P0011,CL002,Community Follow-up,2026-01-15 10:30,2026-01-20 13:30,Rescheduled,5,15,No
A00268,P0187,CL004,Diagnostic Scan,2026-03-14 09:15,2026-03-28 12:15,Completed,14,45,Yes
A00269,P0204,CL001,Diagnostic Scan,2026-02-16 17:30,2026-02-21 19:30,Cancelled by patient,2,15,Yes
A00270,P0099,CL005,Community Follow-up,2026-01-05 11:45,2026-01-31 12:45,Completed,26,45,No
A00271,P0154,CL005,Prescription Review,2026-05-17 16:00,2026-05-19 19:00,Completed,2,60,Yes
A00272,P0001,CL006,Prescription Review,2026-06-16 14:45,2026-06-27 14:45,Completed,11,20,No
A00273,P0124,CL004,Blood Test,2026-03-31 17:00,2026-04-13 18:00,Completed,13,20,No
A00274,P0022,CL003,Prescription Review,2026-05-20 14:30,2026-05-26 14:30,Cancelled by patient,3,15,Yes
A00275,P0031,CL006,GP Consultation,2026-04-07 11:30,2026-04-20 13:30,Completed,13,60,Yes
A00276,P0219,CL005,Nurse Appointment,2026-05-25 13:30,2026-06-15 16:30,Completed,21,60,Yes
A00277,P0095,CL005,Prescription Review,2026-05-04 12:30,2026-05-22 14:30,Completed,18,20,No
A00278,P0169,CL005,Community Follow-up,2026-02-28 15:15,2026-03-03 16:15,Completed,3,30,Yes
A00279,P0158,CL002,GP Consultation,2026-06-30 08:15,2026-07-12 08:15,Cancelled by clinic,12,45,No
A00280,P0112,CL004,Prescription Review,2026-03-09 11:30,2026-03-11 11:30,Completed,2,45,Yes
A00281,P0134,CL005,Diagnostic Scan,2026-06-02 08:15,2026-06-22 11:15,Completed,20,60,Yes
A00282,P0009,CL005,Blood Test,2026-05-13 11:15,2026-06-03 11:15,Completed,21,15,No
A00283,P0023,CL004,Community Follow-up,2026-04-01 14:45,2026-04-19 15:45,Completed,18,15,No
A00284,P0141,CL003,Nurse Appointment,2026-05-24 17:30,2026-06-04 19:30,Completed,11,20,Yes
A00285,P0104,CL004,Community Follow-up,2026-03-08 10:45,2026-03-24 10:45,Completed,16,30,Yes
A00286,P0030,CL003,Diagnostic Scan,2026-05-18 17:30,2026-06-09 20:30,Completed,22,20,Yes
A00287,P0247,CL006,Blood Test,2026-04-28 17:00,2026-05-13 17:00,Completed,15,20,Yes
A00288,P0059,CL004,Nurse Appointment,2026-04-01 16:00,2026-04-23 18:00,Completed,22,45,Yes
A00289,P0211,CL001,Nurse Appointment,2026-05-22 10:45,2026-06-01 12:45,No-show,10,30,Yes
A00290,P0192,CL006,Blood Test,2026-02-18 15:15,2026-02-25 16:15,Completed,7,20,No
A00291,P0215,CL001,Community Follow-up,2026-02-09 09:00,2026-02-11 12:00,Completed,2,60,No
A00292,P0218,CL006,Diagnostic Scan,2026-06-08 13:45,2026-07-06 15:45,Completed,28,60,Yes
A00293,P0057,CL002,Community Follow-up,2026-01-14 16:45,2026-01-29 16:45,Completed,15,20,Yes
A00294,P0031,CL006,Diagnostic Scan,2026-04-28 13:00,2026-04-28 14:00,Cancelled by patient,0,30,Yes
A00295,P0221,CL003,Community Follow-up,2026-05-21 12:15,2026-05-29 15:15,Completed,8,20,Yes
A00296,P0054,CL001,Nurse Appointment,2026-04-06 13:45,2026-04-14 16:45,Completed,8,60,Yes
A00297,P0209,CL005,Nurse Appointment,2026-03-11 11:45,2026-04-07 14:45,Completed,27,20,Yes
A00298,P0003,CL004,Blood Test,2026-05-08 10:30,2026-06-02 13:30,Completed,25,60,Yes
A00299,P0026,CL001,Diagnostic Scan,2026-01-16 11:30,2026-01-31 11:30,Cancelled by clinic,15,30,Yes
A00300,P0144,CL001,Blood Test,2026-03-07 13:00,2026-03-20 13:00,Cancelled by clinic,13,60,Yes
A00301,P0148,CL001,Prescription Review,2026-05-18 10:30,2026-05-29 12:30,Completed,11,45,No
A00302,P0098,CL004,Diagnostic Scan,2026-04-29 10:15,2026-05-19 12:15,Cancelled by patient,10,60,Yes
A00303,P0233,CL003,Prescription Review,2026-02-11 13:15,2026-02-21 15:15,Completed,10,30,Yes
A00304,P0102,CL003,Nurse Appointment,2026-04-24 13:45,2026-05-07 14:45,Cancelled by clinic,13,20,Yes
A00305,P0170,CL006,GP Consultation,2026-06-29 09:15,2026-07-04 12:15,Completed,5,45,Yes
A00306,P0007,CL005,GP Consultation,2026-01-22 09:30,2026-02-10 10:30,Completed,19,45,Yes
A00307,P0064,CL004,GP Consultation,2026-06-10 10:15,2026-06-26 11:15,Completed,16,30,No
A00308,P0084,CL004,Community Follow-up,2026-05-19 12:45,2026-05-23 13:45,Cancelled by patient,2,60,Yes
A00309,P0164,CL001,GP Consultation,2026-03-21 13:45,2026-04-07 14:45,Completed,17,30,Yes
A00310,P0040,CL006,Diagnostic Scan,2026-01-01 16:15,2026-01-12 18:15,Completed,11,45,No
A00311,P0123,CL006,Community Follow-up,2026-04-21 12:15,2026-05-16 12:15,Completed,25,45,No
A00312,P0112,CL004,GP Consultation,2026-02-11 14:45,2026-02-18 16:45,Completed,7,20,Yes
A00313,P0205,CL006,Diagnostic Scan,2026-06-25 12:30,2026-07-15 14:30,Completed,20,15,Yes
A00314,P0075,CL004,Nurse Appointment,2026-04-27 17:45,2026-05-05 20:45,Completed,8,20,Yes
A00315,P0137,CL005,Prescription Review,2026-01-27 12:30,2026-01-31 15:30,Completed,4,15,Yes
A00316,P0127,CL003,Prescription Review,2026-04-18 12:45,2026-04-29 15:45,Cancelled by clinic,11,30,Yes
A00317,P0193,CL001,Nurse Appointment,2026-03-10 14:00,2026-03-27 17:00,Completed,17,30,Yes
A00318,P0213,CL006,Nurse Appointment,2026-03-05 14:45,2026-03-12 14:45,Completed,7,15,Yes
A00319,P0054,CL001,Prescription Review,2026-06-24 12:30,2026-06-29 12:30,No-show,5,60,Yes
A00320,P0124,CL001,GP Consultation,2026-02-20 13:00,2026-03-19 14:00,Completed,27,45,Yes
A00321,P0043,CL005,Community Follow-up,2026-01-31 14:15,2026-01-31 14:15,Cancelled by clinic,0,45,Yes
A00322,P0040,CL006,Prescription Review,2026-01-23 11:15,2026-02-07 11:15,Cancelled by patient,7,15,Yes
A00323,P0166,CL006,Blood Test,2026-05-18 09:15,2026-06-02 10:15,Rescheduled,15,30,Yes
A00324,P0113,CL001,Blood Test,2026-06-26 14:30,2026-07-19 15:30,No-show,23,45,Yes
A00325,P0144,CL001,Community Follow-up,2026-06-28 15:15,2026-07-16 16:15,Completed,18,45,Yes
A00326,P0213,CL006,Diagnostic Scan,2026-05-22 10:00,2026-06-07 11:00,Completed,16,30,Yes
A00327,P0117,CL006,GP Consultation,2026-06-13 16:45,2026-07-06 17:45,Cancelled by patient,11,30,Yes
A00328,P0062,CL004,Community Follow-up,2026-01-17 16:45,2026-01-23 19:45,Completed,6,30,Yes
A00329,P0165,CL006,Nurse Appointment,2026-01-25 16:00,2026-01-26 17:00,No-show,1,20,Yes
A00330,P0050,CL003,GP Consultation,2026-05-27 14:45,2026-06-12 16:45,Completed,16,60,Yes
A00331,P0004,CL002,Blood Test,2026-06-17 15:00,2026-07-01 15:00,Completed,14,45,No
A00332,P0204,CL005,Blood Test,2026-03-10 16:00,2026-04-02 16:00,Completed,23,20,No
A00333,P0025,CL003,Community Follow-up,2026-03-01 16:45,2026-03-07 17:45,Cancelled by patient,3,60,Yes
A00334,P0046,CL004,Prescription Review,2026-05-23 14:00,2026-06-16 16:00,Completed,24,45,No
A00335,P0043,CL005,Community Follow-up,2026-04-13 16:30,2026-05-04 17:30,Rescheduled,21,45,No
A00336,P0232,CL002,Prescription Review,2026-03-25 13:45,2026-04-18 16:45,Completed,24,20,Yes
A00337,P0055,CL004,Diagnostic Scan,2026-05-21 12:30,2026-06-04 15:30,Completed,14,15,No
A00338,P0153,CL004,Nurse Appointment,2026-02-04 12:00,2026-02-13 13:00,No-show,9,15,Yes
A00339,P0242,CL006,Diagnostic Scan,2026-03-12 16:15,2026-03-15 16:15,Completed,3,20,Yes
A00340,P0228,CL001,Community Follow-up,2026-03-01 12:30,2026-03-03 15:30,Rescheduled,2,15,Yes
A00341,P0203,CL001,GP Consultation,2026-05-05 17:00,2026-05-24 19:00,Cancelled by patient,9,60,Yes
A00342,P0200,CL002,Nurse Appointment,2026-03-27 13:45,2026-04-09 13:45,Cancelled by patient,6,60,No
A00343,P0163,CL004,Blood Test,2026-01-14 12:00,2026-01-24 13:00,Completed,10,20,Yes
A00344,P0173,CL004,Blood Test,2026-04-25 17:00,2026-05-02 20:00,Cancelled by clinic,7,20,Yes
A00345,P0022,CL003,Diagnostic Scan,2026-01-13 16:45,2026-01-21 16:45,Completed,8,20,Yes
A00346,P0124,CL001,Nurse Appointment,2026-05-05 14:15,2026-05-22 15:15,Completed,17,45,Yes
A00347,P0237,CL005,Nurse Appointment,2026-01-29 14:45,2026-02-09 16:45,Completed,11,60,Yes
A00348,P0198,CL003,Diagnostic Scan,2026-03-31 17:45,2026-04-19 18:45,Completed,19,20,Yes
A00349,P0096,CL001,Blood Test,2026-01-22 09:00,2026-01-29 10:00,Completed,7,15,Yes
A00350,P0121,CL001,Community Follow-up,2026-02-23 16:15,2026-03-01 18:15,Completed,6,20,Yes
A00351,P0172,CL006,GP Consultation,2026-05-30 16:00,2026-06-07 17:00,Completed,8,60,Yes
A00352,P0120,CL001,Prescription Review,2026-01-03 09:45,2026-01-24 11:45,Cancelled by clinic,21,30,No
A00353,P0005,CL002,Blood Test,2026-06-16 14:15,2026-06-28 14:15,Completed,12,60,Yes
A00354,P0048,CL003,Community Follow-up,2026-04-28 16:00,2026-04-29 17:00,Completed,1,45,Yes
A00355,P0041,CL002,Nurse Appointment,2026-06-25 13:30,2026-07-15 15:30,Rescheduled,20,60,Yes
A00356,P0016,CL001,Blood Test,2026-04-10 08:30,2026-04-17 09:30,No-show,7,20,Yes
A00357,P0098,CL004,Community Follow-up,2026-06-23 17:15,2026-07-06 18:15,Completed,13,30,No
A00358,P0085,CL005,Nurse Appointment,2026-02-03 11:15,2026-02-21 12:15,Completed,18,60,No
A00359,P0111,CL002,Community Follow-up,2026-06-17 17:15,2026-06-27 17:15,Completed,10,15,Yes
A00360,P0215,CL006,Diagnostic Scan,2026-01-08 13:45,2026-01-21 15:45,Cancelled by clinic,13,30,Yes
A00361,P0049,CL004,Community Follow-up,2026-02-17 08:30,2026-03-08 09:30,Completed,19,15,Yes
A00362,P0177,CL002,Nurse Appointment,2026-05-09 17:45,2026-05-31 19:45,Cancelled by clinic,22,45,Yes
A00363,P0042,CL002,Nurse Appointment,2026-01-09 14:00,2026-01-17 17:00,Cancelled by patient,4,20,Yes
A00364,P0017,CL003,Diagnostic Scan,2026-04-23 17:45,2026-05-15 19:45,No-show,22,45,Yes
A00365,P0011,CL001,Community Follow-up,2026-04-08 13:45,2026-04-27 13:45,Completed,19,45,No
A00366,P0011,CL002,Community Follow-up,2026-05-13 16:45,2026-06-05 16:45,Completed,23,15,Yes
A00367,P0113,CL001,Blood Test,2026-03-19 12:45,2026-03-24 15:45,Completed,5,15,Yes
A00368,P0232,CL002,Nurse Appointment,2026-06-15 15:00,2026-07-08 15:00,Cancelled by patient,11,60,Yes
A00369,P0106,CL005,Diagnostic Scan,2026-01-07 10:45,2026-01-25 11:45,Completed,18,30,Yes
A00370,P0233,CL002,Prescription Review,2026-02-01 09:00,2026-02-23 12:00,Completed,22,60,Yes
A00371,P0187,CL005,GP Consultation,2026-06-06 10:45,2026-06-23 13:45,Cancelled by patient,8,30,Yes
A00372,P0169,CL002,Blood Test,2026-02-07 10:00,2026-02-20 12:00,Cancelled by patient,6,45,Yes
A00373,P0047,CL006,GP Consultation,2026-02-03 11:00,2026-02-22 13:00,Completed,19,45,Yes
A00374,P0002,CL005,Diagnostic Scan,2026-05-07 11:15,2026-05-25 14:15,Completed,18,15,Yes
A00375,P0002,CL005,Nurse Appointment,2026-05-21 12:15,2026-05-22 13:15,Completed,1,30,Yes
A00376,P0219,CL005,GP Consultation,2026-05-28 17:30,2026-06-07 17:30,Completed,10,20,Yes
A00377,P0073,CL002,GP Consultation,2026-06-27 17:15,2026-07-11 19:15,Completed,14,30,Yes
A00378,P0230,CL002,Nurse Appointment,2026-01-18 14:00,2026-01-27 17:00,Completed,9,30,Yes
A00379,P0106,CL005,Diagnostic Scan,2026-06-28 11:00,2026-07-01 11:00,Cancelled by clinic,3,60,No
A00380,P0181,CL002,Nurse Appointment,2026-06-05 13:30,2026-06-21 15:30,Completed,16,45,Yes
A00381,P0162,CL006,Nurse Appointment,2026-02-16 17:15,2026-03-10 19:15,Completed,22,15,Yes
A00382,P0204,CL001,Blood Test,2026-02-23 17:45,2026-03-08 17:45,Completed,13,20,Yes
A00383,P0052,CL003,GP Consultation,2026-03-07 09:30,2026-03-16 11:30,Completed,9,30,Yes
A00384,P0186,CL004,Prescription Review,2026-01-08 10:15,2026-01-18 12:15,Completed,10,45,Yes
A00385,P0166,CL006,Prescription Review,2026-02-09 15:30,2026-02-23 18:30,Completed,14,60,Yes
A00386,P0186,CL004,Blood Test,2026-05-23 16:00,2026-05-29 18:00,Completed,6,20,Yes
A00387,P0008,CL005,Nurse Appointment,2026-04-07 16:15,2026-04-25 19:15,Completed,18,30,Yes
A00388,P0081,CL003,Blood Test,2026-04-16 09:45,2026-05-14 10:45,Completed,28,30,Yes
A00389,P0078,CL004,Community Follow-up,2026-04-06 08:15,2026-04-08 11:15,Completed,2,45,No
A00390,P0040,CL006,Nurse Appointment,2026-05-04 16:30,2026-05-28 18:30,Cancelled by clinic,24,15,No
A00391,P0241,CL003,Prescription Review,2026-02-03 11:00,2026-02-17 14:00,Cancelled by clinic,14,15,Yes
A00392,P0239,CL003,GP Consultation,2026-06-02 09:30,2026-06-16 09:30,Completed,14,30,Yes
A00393,P0195,CL001,Blood Test,2026-02-23 13:15,2026-03-01 15:15,Completed,6,45,Yes
A00394,P0070,CL004,Nurse Appointment,2026-03-12 09:00,2026-03-31 09:00,Cancelled by patient,9,60,Yes
A00395,P0037,CL003,Community Follow-up,2026-05-27 11:15,2026-05-29 13:15,No-show,2,60,Yes
A00396,P0034,CL003,GP Consultation,2026-06-22 08:00,2026-07-04 08:00,Completed,12,20,Yes
A00397,P0229,CL001,Nurse Appointment,2026-06-26 15:30,2026-07-05 17:30,Cancelled by patient,4,60,Yes
A00398,P0237,CL004,GP Consultation,2026-05-26 10:00,2026-06-21 13:00,Completed,26,45,Yes
A00399,P0243,CL001,Prescription Review,2026-06-07 12:30,2026-06-19 13:30,No-show,12,30,Yes
A00400,P0226,CL001,Blood Test,2026-05-05 08:00,2026-05-20 08:00,Completed,15,20,Yes
A00401,P0090,CL005,Blood Test,2026-02-02 16:00,2026-02-14 16:00,Completed,12,15,Yes
A00402,P0137,CL005,Community Follow-up,2026-06-01 14:15,2026-06-20 15:15,Completed,19,45,Yes
A00403,P0088,CL003,Community Follow-up,2026-06-27 17:45,2026-07-22 20:45,Cancelled by clinic,25,60,Yes
A00404,P0045,CL004,Blood Test,2026-01-20 17:45,2026-01-23 20:45,Cancelled by patient,1,45,Yes
A00405,P0245,CL001,Prescription Review,2026-06-03 09:45,2026-06-13 12:45,Completed,10,15,Yes
A00406,P0036,CL006,Diagnostic Scan,2026-01-01 10:15,2026-01-15 12:15,Cancelled by patient,7,45,Yes
A00407,P0175,CL003,GP Consultation,2026-05-26 12:45,2026-06-17 14:45,Completed,22,60,No
A00408,P0104,CL003,GP Consultation,2026-01-16 13:00,2026-01-16 15:00,Cancelled by clinic,0,15,Yes
A00409,P0180,CL003,Diagnostic Scan,2026-06-10 13:45,2026-06-22 16:45,Completed,12,20,Yes
A00410,P0049,CL004,Nurse Appointment,2026-04-03 14:15,2026-04-12 15:15,Completed,9,15,Yes
A00411,P0227,CL002,Diagnostic Scan,2026-04-22 10:00,2026-04-26 13:00,No-show,4,60,No
A00412,P0160,CL002,Nurse Appointment,2026-05-11 14:45,2026-05-23 16:45,Completed,12,60,Yes
A00413,P0128,CL002,GP Consultation,2026-05-09 12:45,2026-05-26 14:45,Rescheduled,17,60,Yes
A00414,P0095,CL005,Diagnostic Scan,2026-05-04 09:15,2026-05-27 11:15,Completed,23,60,No
A00415,P0023,CL002,Blood Test,2026-06-11 09:30,2026-06-30 09:30,Completed,19,15,Yes
A00416,P0132,CL005,Blood Test,2026-03-26 14:30,2026-04-20 16:30,Completed,25,60,Yes
A00417,P0187,CL003,Prescription Review,2026-01-16 15:15,2026-02-03 15:15,Rescheduled,18,60,Yes
A00418,P0125,CL004,Community Follow-up,2026-05-10 09:30,2026-05-18 10:30,Completed,8,30,Yes
A00419,P0029,CL006,Blood Test,2026-06-01 10:45,2026-06-12 11:45,Cancelled by clinic,11,20,Yes
A00420,P0205,CL005,Diagnostic Scan,2026-01-09 13:00,2026-01-13 14:00,Cancelled by clinic,4,45,Yes
A00421,P0061,CL005,GP Consultation,2026-06-13 10:15,2026-07-01 12:15,Completed,18,15,Yes
A00422,P0119,CL004,Diagnostic Scan,2026-03-19 15:15,2026-03-31 18:15,Completed,12,60,No
A00423,P0004,CL001,GP Consultation,2026-04-25 14:30,2026-05-11 14:30,No-show,16,30,No
A00424,P0111,CL005,GP Consultation,2026-06-16 12:30,2026-06-24 14:30,Completed,8,60,Yes
A00425,P0198,CL003,Prescription Review,2026-03-03 17:15,2026-03-19 19:15,Cancelled by patient,8,20,Yes
A00426,P0003,CL004,Prescription Review,2026-01-18 08:45,2026-01-21 08:45,Completed,3,20,Yes
A00427,P0065,CL001,Community Follow-up,2026-01-07 17:00,2026-01-08 18:00,Cancelled by patient,0,15,Yes
A00428,P0155,CL002,Prescription Review,2026-06-18 17:15,2026-07-16 17:15,Completed,28,30,Yes
A00429,P0240,CL006,Blood Test,2026-04-27 12:45,2026-05-19 14:45,Completed,22,15,Yes
A00430,P0016,CL001,Nurse Appointment,2026-03-27 08:30,2026-04-22 10:30,Completed,26,45,No
A00431,P0052,CL003,Nurse Appointment,2026-02-15 15:00,2026-02-19 18:00,Completed,4,15,No
A00432,P0184,CL005,Diagnostic Scan,2026-01-09 09:00,2026-01-27 11:00,Completed,18,45,Yes
A00433,P0164,CL001,Diagnostic Scan,2026-01-10 14:30,2026-01-14 16:30,Completed,4,60,Yes
A00434,P0198,CL003,GP Consultation,2026-04-22 14:00,2026-05-09 15:00,Completed,17,45,Yes
A00435,P0138,CL003,Blood Test,2026-03-27 12:45,2026-03-28 12:45,Completed,1,30,Yes
A00436,P0118,CL003,Diagnostic Scan,2026-06-15 11:15,2026-07-02 11:15,Cancelled by patient,8,30,Yes
A00437,P0230,CL002,Prescription Review,2026-06-26 13:45,2026-06-28 16:45,Completed,2,15,Yes
A00438,P0185,CL002,Diagnostic Scan,2026-05-06 14:00,2026-05-31 16:00,Completed,25,45,No
A00439,P0005,CL002,Nurse Appointment,2026-01-15 13:00,2026-01-27 13:00,Cancelled by clinic,12,60,Yes
A00440,P0174,CL005,Prescription Review,2026-02-08 17:15,2026-02-10 17:15,Completed,2,15,Yes
A00441,P0236,CL001,Blood Test,2026-03-04 10:00,2026-03-09 10:00,Cancelled by clinic,5,15,Yes
A00442,P0044,CL001,GP Consultation,2026-01-28 09:45,2026-02-16 10:45,Cancelled by clinic,19,45,Yes
A00443,P0214,CL006,Blood Test,2026-04-13 13:00,2026-05-04 14:00,No-show,21,20,Yes
A00444,P0152,CL004,Nurse Appointment,2026-01-17 09:30,2026-01-21 12:30,Cancelled by clinic,4,60,Yes
A00445,P0063,CL001,GP Consultation,2026-02-04 09:45,2026-02-28 10:45,No-show,24,15,Yes
A00446,P0046,CL006,Prescription Review,2026-06-16 17:30,2026-06-29 20:30,Completed,13,20,Yes
A00447,P0134,CL005,Prescription Review,2026-03-03 10:00,2026-03-22 11:00,Completed,19,15,Yes
A00448,P0201,CL004,Community Follow-up,2026-04-18 08:15,2026-04-24 08:15,Rescheduled,6,60,Yes
A00449,P0195,CL005,Nurse Appointment,2026-02-26 15:15,2026-03-06 15:15,Completed,8,20,Yes
A00450,P0248,CL004,Blood Test,2026-02-15 10:00,2026-02-16 12:00,Completed,1,30,Yes
A00451,P0207,CL004,Nurse Appointment,2026-01-12 09:00,2026-01-29 10:00,Cancelled by clinic,17,45,Yes
A00452,P0019,CL006,Prescription Review,2026-04-24 17:30,2026-05-07 18:30,Cancelled by clinic,13,30,Yes
A00453,P0029,CL006,Diagnostic Scan,2026-01-26 11:45,2026-02-22 12:45,No-show,27,15,Yes
A00454,P0125,CL004,Nurse Appointment,2026-04-22 10:15,2026-05-11 13:15,Completed,19,20,Yes
A00455,P0050,CL003,Prescription Review,2026-03-11 11:30,2026-03-15 11:30,Completed,4,30,Yes
A00456,P0219,CL005,Community Follow-up,2026-04-18 10:30,2026-04-25 12:30,Completed,7,60,No
A00457,P0148,CL002,Community Follow-up,2026-01-23 14:45,2026-02-19 15:45,Completed,27,45,Yes
A00458,P0187,CL004,Community Follow-up,2026-03-05 11:30,2026-03-18 12:30,Rescheduled,13,60,No
A00459,P0107,CL001,Diagnostic Scan,2026-05-01 16:00,2026-05-14 19:00,Cancelled by clinic,13,15,Yes
A00460,P0062,CL004,Blood Test,2026-01-04 14:15,2026-01-08 16:15,Completed,4,15,Yes
A00461,P0172,CL006,Nurse Appointment,2026-06-30 15:00,2026-07-14 18:00,No-show,14,45,Yes
A00462,P0224,CL004,Community Follow-up,2026-04-29 08:00,2026-05-11 10:00,Completed,12,45,Yes
A00463,P0179,CL005,Prescription Review,2026-05-28 11:00,2026-06-16 13:00,No-show,19,60,No
A00464,P0173,CL001,Community Follow-up,2026-01-14 09:45,2026-01-25 12:45,Completed,11,30,Yes
A00465,P0144,CL005,Prescription Review,2026-02-22 10:30,2026-03-01 10:30,Completed,7,60,No
A00466,P0180,CL003,Community Follow-up,2026-02-27 13:30,2026-03-27 15:30,Cancelled by patient,14,30,Yes
A00467,P0096,CL001,Diagnostic Scan,2026-05-05 16:00,2026-05-20 18:00,Cancelled by patient,7,15,Yes
A00468,P0227,CL002,GP Consultation,2026-01-21 14:15,2026-01-30 14:15,Completed,9,15,Yes
A00469,P0128,CL006,Prescription Review,2026-02-22 16:00,2026-03-03 19:00,Cancelled by patient,4,20,Yes
A00470,P0108,CL001,GP Consultation,2026-06-15 08:30,2026-06-21 08:30,No-show,6,20,No
A00471,P0134,CL005,Diagnostic Scan,2026-04-16 17:30,2026-05-06 19:30,Cancelled by patient,10,60,No
A00472,P0114,CL003,Nurse Appointment,2026-05-26 10:30,2026-05-31 12:30,Completed,5,30,Yes
A00473,P0013,CL003,Prescription Review,2026-03-14 15:15,2026-04-02 16:15,Completed,19,20,No
A00474,P0215,CL006,Blood Test,2026-02-09 10:15,2026-02-12 10:15,Cancelled by patient,1,45,Yes
A00475,P0048,CL003,Diagnostic Scan,2026-01-09 13:30,2026-01-13 15:30,Completed,4,20,Yes
A00476,P0032,CL004,GP Consultation,2026-05-08 10:45,2026-05-18 11:45,Rescheduled,10,60,No
A00477,P0085,CL005,Community Follow-up,2026-03-17 15:30,2026-04-10 16:30,Cancelled by clinic,24,45,Yes
A00478,P0029,CL001,Diagnostic Scan,2026-02-05 16:00,2026-02-14 16:00,Cancelled by patient,4,20,Yes
A00479,P0024,CL002,Nurse Appointment,2026-06-05 11:15,2026-06-30 13:15,Completed,25,60,No
A00480,P0174,CL001,Blood Test,2026-01-23 16:45,2026-01-29 19:45,Completed,6,60,No
A00481,P0233,CL003,Blood Test,2026-04-12 10:45,2026-04-23 13:45,Completed,11,30,Yes
A00482,P0115,CL001,Blood Test,2026-02-25 15:45,2026-03-22 18:45,Completed,25,45,Yes
A00483,P0107,CL003,Blood Test,2026-05-31 17:00,2026-06-04 18:00,Completed,4,60,No
A00484,P0017,CL005,Diagnostic Scan,2026-04-07 09:00,2026-04-20 11:00,Completed,13,45,Yes
A00485,P0194,CL002,GP Consultation,2026-02-17 14:30,2026-03-06 17:30,Cancelled by clinic,17,30,No
A00486,P0078,CL004,Nurse Appointment,2026-04-29 11:00,2026-05-24 11:00,Completed,25,45,Yes
A00487,P0171,CL004,Blood Test,2026-02-15 15:15,2026-02-15 15:15,Completed,0,15,Yes
A00488,P0093,CL004,Prescription Review,2026-05-25 14:30,2026-06-14 17:30,No-show,20,30,Yes
A00489,P0148,CL001,Diagnostic Scan,2026-03-08 10:00,2026-03-12 12:00,No-show,4,20,Yes
A00490,P0014,CL003,Community Follow-up,2026-04-18 13:00,2026-04-27 15:00,Cancelled by patient,4,15,Yes
A00491,P0197,CL002,Blood Test,2026-01-25 17:15,2026-02-11 19:15,Cancelled by clinic,17,30,Yes
A00492,P0179,CL005,GP Consultation,2026-01-25 16:30,2026-02-20 17:30,Completed,26,30,Yes
A00493,P0125,CL004,Nurse Appointment,2026-02-11 09:15,2026-02-15 10:15,Cancelled by clinic,4,60,Yes
A00494,P0213,CL005,GP Consultation,2026-05-22 09:45,2026-06-05 09:45,Cancelled by clinic,14,15,Yes
A00495,P0080,CL006,GP Consultation,2026-02-05 15:30,2026-02-10 17:30,Cancelled by clinic,5,15,Yes
A00496,P0220,CL001,Nurse Appointment,2026-06-26 11:30,2026-06-30 12:30,Rescheduled,4,45,Yes
A00497,P0201,CL004,GP Consultation,2026-01-05 15:45,2026-01-06 16:45,Completed,1,60,Yes
A00498,P0121,CL001,GP Consultation,2026-03-06 08:00,2026-03-15 08:00,Cancelled by clinic,9,60,Yes
A00499,P0231,CL006,Prescription Review,2026-06-21 13:00,2026-06-23 14:00,Rescheduled,2,60,Yes
A00500,P0042,CL006,Community Follow-up,2026-06-06 11:00,2026-06-09 11:00,Completed,3,20,No
A00501,P0044,CL005,Blood Test,2026-01-02 09:15,2026-01-18 12:15,Cancelled by patient,8,20,Yes
A00502,P0246,CL003,Diagnostic Scan,2026-04-01 14:45,2026-04-07 15:45,Completed,6,30,Yes
A00503,P0029,CL006,GP Consultation,2026-05-07 13:30,2026-05-24 13:30,Completed,17,15,Yes
A00504,P0117,CL006,Blood Test,2026-03-21 15:15,2026-04-07 18:15,Rescheduled,17,45,Yes
A00505,P0018,CL004,Prescription Review,2026-06-23 13:15,2026-06-23 16:15,Completed,0,45,Yes
A00506,P0174,CL001,Prescription Review,2026-02-06 14:45,2026-02-28 14:45,No-show,22,20,Yes
A00507,P0250,CL003,Diagnostic Scan,2026-02-21 17:45,2026-02-24 18:45,Cancelled by clinic,3,30,Yes
A00508,P0197,CL002,Diagnostic Scan,2026-03-11 14:30,2026-03-26 17:30,Completed,15,20,Yes
A00509,P0028,CL005,GP Consultation,2026-05-06 15:15,2026-05-26 16:15,Completed,20,15,No
A00510,P0128,CL006,Community Follow-up,2026-02-15 14:30,2026-02-19 16:30,Cancelled by patient,2,15,Yes
A00511,P0134,CL004,Community Follow-up,2026-02-21 12:45,2026-03-08 14:45,Completed,15,60,Yes
A00512,P0244,CL004,Diagnostic Scan,2026-01-31 14:45,2026-02-10 17:45,Completed,10,15,Yes
A00513,P0169,CL003,Blood Test,2026-06-30 10:45,2026-07-13 11:45,Cancelled by patient,6,45,Yes
A00514,P0146,CL005,Community Follow-up,2026-06-18 16:45,2026-07-03 17:45,Completed,15,30,Yes
A00515,P0249,CL002,GP Consultation,2026-06-23 13:30,2026-07-03 13:30,Completed,10,20,No
A00516,P0090,CL005,Blood Test,2026-01-07 13:45,2026-01-10 16:45,Rescheduled,3,45,Yes
A00517,P0170,CL006,Blood Test,2026-03-02 12:00,2026-03-24 12:00,Completed,22,20,Yes
A00518,P0084,CL003,Prescription Review,2026-06-18 14:45,2026-06-26 14:45,Completed,8,15,No
A00519,P0097,CL004,GP Consultation,2026-03-24 17:00,2026-04-18 20:00,Cancelled by clinic,25,20,Yes
A00520,P0129,CL006,Nurse Appointment,2026-03-28 10:30,2026-04-08 13:30,Completed,11,15,No
A00521,P0138,CL006,Nurse Appointment,2026-03-09 08:30,2026-03-27 11:30,Cancelled by patient,9,15,Yes
A00522,P0149,CL001,Diagnostic Scan,2026-03-28 12:00,2026-04-15 15:00,Completed,18,15,Yes
A00523,P0078,CL004,Diagnostic Scan,2026-03-18 14:30,2026-03-24 17:30,Completed,6,60,Yes
A00524,P0196,CL005,Nurse Appointment,2026-01-05 16:15,2026-01-23 19:15,Completed,18,45,Yes
A00525,P0164,CL001,Blood Test,2026-06-07 14:00,2026-06-23 15:00,Completed,16,20,Yes
A00526,P0176,CL004,Diagnostic Scan,2026-04-16 13:00,2026-05-06 14:00,Completed,20,30,Yes
A00527,P0066,CL006,Nurse Appointment,2026-03-02 14:15,2026-03-05 15:15,Completed,3,30,Yes
A00528,P0144,CL004,Nurse Appointment,2026-06-15 08:15,2026-06-20 10:15,Completed,5,30,Yes
A00529,P0046,CL004,Blood Test,2026-01-11 15:00,2026-01-12 15:00,Cancelled by patient,0,15,No
A00530,P0105,CL006,Nurse Appointment,2026-06-18 09:45,2026-07-14 10:45,Completed,26,60,No
A00531,P0134,CL005,Nurse Appointment,2026-05-29 16:30,2026-06-13 16:30,Completed,15,30,Yes
A00532,P0150,CL006,Nurse Appointment,2026-03-02 14:15,2026-03-06 14:15,Completed,4,30,Yes
A00533,P0066,CL001,Blood Test,2026-05-06 16:30,2026-05-28 16:30,Completed,22,45,Yes
A00534,P0247,CL004,Blood Test,2026-02-07 13:45,2026-03-01 15:45,Completed,22,60,Yes
A00535,P0190,CL001,Blood Test,2026-01-14 11:30,2026-01-31 14:30,Completed,17,30,No
A00536,P0176,CL003,Blood Test,2026-03-02 15:45,2026-03-02 18:45,Completed,0,20,Yes
A00537,P0221,CL004,Blood Test,2026-06-11 13:45,2026-07-06 13:45,No-show,25,45,Yes
A00538,P0106,CL003,Community Follow-up,2026-04-19 09:15,2026-05-11 11:15,Completed,22,45,Yes
A00539,P0209,CL005,Prescription Review,2026-03-25 15:00,2026-04-18 15:00,Completed,24,45,Yes
A00540,P0035,CL004,GP Consultation,2026-02-21 12:30,2026-03-11 12:30,Completed,18,60,Yes
A00541,P0197,CL002,Prescription Review,2026-06-02 14:30,2026-06-16 17:30,Completed,14,20,Yes
A00542,P0212,CL002,Nurse Appointment,2026-03-14 11:00,2026-03-27 13:00,Completed,13,45,No
A00543,P0227,CL002,Nurse Appointment,2026-01-06 08:15,2026-01-08 11:15,Completed,2,20,Yes
A00544,P0159,CL003,Community Follow-up,2026-03-08 10:00,2026-03-19 11:00,Completed,11,60,Yes
A00545,P0236,CL006,Nurse Appointment,2026-05-07 09:15,2026-05-29 10:15,Rescheduled,22,30,Yes
A00546,P0127,CL003,Prescription Review,2026-04-21 11:15,2026-05-17 13:15,Completed,26,45,Yes
A00547,P0203,CL001,Nurse Appointment,2026-03-16 12:15,2026-04-04 15:15,Completed,19,45,Yes
A00548,P0121,CL001,Prescription Review,2026-03-24 14:15,2026-04-15 17:15,Completed,22,60,Yes
A00549,P0025,CL003,Community Follow-up,2026-01-14 13:15,2026-01-29 15:15,Rescheduled,15,60,Yes
A00550,P0208,CL005,Prescription Review,2026-03-06 16:45,2026-03-15 19:45,Completed,9,60,Yes
A00551,P0046,CL004,Nurse Appointment,2026-05-09 15:30,2026-06-06 18:30,Completed,28,60,Yes
A00552,P0067,CL004,Prescription Review,2026-01-12 10:45,2026-02-08 12:45,Completed,27,45,Yes
A00553,P0225,CL006,Blood Test,2026-03-09 16:30,2026-03-22 17:30,Cancelled by clinic,13,45,Yes
A00554,P0039,CL002,GP Consultation,2026-06-18 15:00,2026-06-24 16:00,Completed,6,15,Yes
A00555,P0042,CL004,Prescription Review,2026-01-30 15:00,2026-02-13 17:00,Cancelled by patient,7,45,Yes
A00556,P0217,CL002,Nurse Appointment,2026-02-01 13:00,2026-02-07 15:00,Cancelled by clinic,6,60,No
A00557,P0145,CL005,Diagnostic Scan,2026-02-24 17:00,2026-03-12 18:00,Rescheduled,16,20,Yes
A00558,P0174,CL001,Diagnostic Scan,2026-03-26 08:30,2026-04-16 08:30,Completed,21,15,No
A00559,P0040,CL006,Community Follow-up,2026-04-28 15:45,2026-05-18 17:45,Cancelled by patient,10,30,No
A00560,P0168,CL005,Prescription Review,2026-04-26 13:15,2026-05-02 13:15,Completed,6,15,Yes
A00561,P0141,CL004,Diagnostic Scan,2026-01-24 14:30,2026-01-29 15:30,Completed,5,20,Yes
A00562,P0200,CL002,Diagnostic Scan,2026-06-15 10:00,2026-06-24 13:00,Cancelled by clinic,9,30,No
A00563,P0155,CL002,Diagnostic Scan,2026-06-20 09:30,2026-07-06 10:30,Completed,16,45,Yes
A00564,P0145,CL006,Diagnostic Scan,2026-01-24 14:30,2026-02-12 15:30,Cancelled by patient,9,15,Yes
A00565,P0088,CL006,Blood Test,2026-02-27 10:45,2026-03-15 10:45,Completed,16,15,No
A00566,P0123,CL006,Blood Test,2026-02-02 12:15,2026-02-18 15:15,Cancelled by patient,8,60,Yes
A00567,P0012,CL005,Prescription Review,2026-05-11 14:45,2026-05-14 17:45,Cancelled by patient,1,30,Yes
A00568,P0150,CL006,Nurse Appointment,2026-05-09 08:00,2026-06-01 11:00,Cancelled by clinic,23,45,Yes
A00569,P0107,CL003,Community Follow-up,2026-03-22 17:45,2026-04-15 20:45,Cancelled by clinic,24,30,No
A00570,P0224,CL002,Diagnostic Scan,2026-02-17 09:30,2026-03-16 09:30,Completed,27,15,Yes
A00571,P0004,CL001,Blood Test,2026-05-03 15:45,2026-05-30 18:45,Completed,27,60,Yes
A00572,P0173,CL006,GP Consultation,2026-04-12 12:00,2026-04-16 13:00,Completed,4,15,Yes
A00573,P0049,CL002,GP Consultation,2026-05-04 10:15,2026-05-17 11:15,Completed,13,45,Yes
A00574,P0109,CL003,GP Consultation,2026-02-12 10:45,2026-02-27 13:45,Cancelled by clinic,15,60,Yes
A00575,P0076,CL004,Prescription Review,2026-04-11 08:30,2026-04-11 08:30,No-show,0,45,No
A00576,P0218,CL006,Diagnostic Scan,2026-05-29 17:30,2026-05-30 20:30,Completed,1,60,Yes
A00577,P0240,CL006,Diagnostic Scan,2026-05-05 11:00,2026-05-21 11:00,Completed,16,60,Yes
A00578,P0229,CL001,Diagnostic Scan,2026-05-02 09:45,2026-05-21 11:45,Cancelled by patient,9,15,Yes
A00579,P0186,CL004,Community Follow-up,2026-03-30 15:15,2026-04-15 16:15,No-show,16,30,No
A00580,P0219,CL006,Diagnostic Scan,2026-04-30 10:30,2026-05-23 13:30,No-show,23,30,Yes
A00581,P0205,CL002,Prescription Review,2026-06-09 11:30,2026-07-01 11:30,Completed,22,20,Yes
A00582,P0156,CL006,Community Follow-up,2026-04-17 15:30,2026-04-24 16:30,Completed,7,15,Yes
A00583,P0067,CL004,Blood Test,2026-02-10 10:00,2026-03-07 10:00,Completed,25,60,Yes
A00584,P0144,CL001,Community Follow-up,2026-03-08 13:30,2026-04-01 13:30,Completed,24,20,No
A00585,P0224,CL004,GP Consultation,2026-06-21 09:00,2026-07-05 12:00,Rescheduled,14,60,Yes
A00586,P0220,CL005,Nurse Appointment,2026-01-11 16:00,2026-01-16 16:00,No-show,5,20,Yes
A00587,P0182,CL006,Blood Test,2026-05-10 15:00,2026-05-14 17:00,No-show,4,15,No
A00588,P0113,CL001,GP Consultation,2026-03-04 15:30,2026-03-13 16:30,Completed,9,45,Yes
A00589,P0171,CL004,Diagnostic Scan,2026-05-16 14:15,2026-05-20 17:15,Rescheduled,4,45,No
A00590,P0133,CL003,Prescription Review,2026-01-08 15:15,2026-02-01 15:15,Cancelled by clinic,24,15,Yes
A00591,P0081,CL006,Prescription Review,2026-02-12 14:00,2026-02-24 14:00,Rescheduled,12,20,No
A00592,P0015,CL006,Prescription Review,2026-06-19 16:30,2026-07-02 19:30,Cancelled by clinic,13,30,Yes
A00593,P0081,CL001,Diagnostic Scan,2026-03-13 16:15,2026-04-04 19:15,Cancelled by patient,11,60,Yes
A00594,P0159,CL003,Blood Test,2026-06-28 13:45,2026-07-22 14:45,Completed,24,60,Yes
A00595,P0186,CL002,Community Follow-up,2026-05-14 16:30,2026-05-20 16:30,Completed,6,60,Yes
A00596,P0163,CL003,Prescription Review,2026-01-08 16:30,2026-01-15 18:30,Completed,7,60,Yes
A00597,P0016,CL003,Prescription Review,2026-06-10 16:30,2026-06-13 16:30,Rescheduled,3,45,Yes
A00598,P0189,CL003,Blood Test,2026-03-28 11:15,2026-04-08 13:15,Completed,11,60,Yes
A00599,P0183,CL004,Blood Test,2026-03-05 09:30,2026-03-21 10:30,Completed,16,20,Yes
A00600,P0213,CL006,Diagnostic Scan,2026-01-24 08:45,2026-02-21 09:45,Completed,28,15,Yes
A00601,P0135,CL003,Community Follow-up,2026-05-24 16:45,2026-06-20 18:45,Completed,27,45,No
A00602,P0177,CL004,Diagnostic Scan,2026-04-17 10:15,2026-05-03 11:15,Cancelled by clinic,16,20,No
A00603,P0132,CL001,Prescription Review,2026-06-27 11:45,2026-07-12 11:45,Completed,15,60,Yes
A00604,P0244,CL003,GP Consultation,2026-04-15 09:00,2026-04-26 11:00,Completed,11,15,Yes
A00605,P0096,CL001,GP Consultation,2026-05-05 08:15,2026-05-09 11:15,No-show,4,30,No
A00606,P0056,CL005,GP Consultation,2026-05-06 08:00,2026-05-23 10:00,No-show,17,45,Yes
A00607,P0080,CL006,Nurse Appointment,2026-03-28 14:45,2026-04-23 15:45,Completed,26,45,Yes
A00608,P0171,CL004,Diagnostic Scan,2026-03-25 09:45,2026-04-06 10:45,Completed,12,15,No
A00609,P0228,CL001,Community Follow-up,2026-03-13 09:15,2026-04-04 09:15,Cancelled by patient,11,30,Yes
A00610,P0032,CL006,Diagnostic Scan,2026-01-22 11:00,2026-02-09 12:00,Completed,18,15,Yes
A00611,P0240,CL006,GP Consultation,2026-01-05 12:15,2026-01-12 15:15,Cancelled by clinic,7,60,Yes
A00612,P0151,CL006,GP Consultation,2026-01-06 13:45,2026-01-11 16:45,No-show,5,30,Yes
A00613,P0024,CL002,Nurse Appointment,2026-01-26 16:15,2026-02-04 17:15,Completed,9,15,Yes
A00614,P0244,CL003,Prescription Review,2026-02-13 08:30,2026-02-18 08:30,Completed,5,45,Yes
A00615,P0037,CL003,GP Consultation,2026-03-24 12:45,2026-04-19 12:45,Completed,26,60,Yes
A00616,P0127,CL003,Blood Test,2026-05-10 14:00,2026-05-18 14:00,Completed,8,45,Yes
A00617,P0008,CL005,Nurse Appointment,2026-03-01 08:30,2026-03-18 08:30,Cancelled by patient,8,20,Yes
A00618,P0105,CL001,Blood Test,2026-06-12 16:15,2026-07-07 17:15,Completed,25,20,Yes
A00619,P0138,CL005,Community Follow-up,2026-04-26 08:00,2026-05-22 11:00,Completed,26,20,Yes
A00620,P0239,CL003,Community Follow-up,2026-06-03 12:45,2026-06-14 13:45,No-show,11,30,Yes
A00621,P0190,CL001,Nurse Appointment,2026-01-18 12:00,2026-01-30 12:00,Cancelled by patient,6,30,No
A00622,P0054,CL001,Blood Test,2026-03-23 13:30,2026-04-16 16:30,Completed,24,30,Yes
A00623,P0118,CL003,GP Consultation,2026-01-05 10:00,2026-01-24 13:00,No-show,19,20,Yes
A00624,P0230,CL002,Community Follow-up,2026-05-06 14:00,2026-05-31 14:00,Completed,25,45,Yes
A00625,P0091,CL004,GP Consultation,2026-06-03 13:45,2026-06-08 13:45,Completed,5,20,Yes
A00626,P0057,CL003,Prescription Review,2026-06-24 13:15,2026-06-26 15:15,Completed,2,45,No
A00627,P0010,CL001,Prescription Review,2026-06-30 17:15,2026-06-30 18:15,Completed,0,30,Yes
A00628,P0127,CL003,Prescription Review,2026-02-19 17:15,2026-02-21 18:15,Completed,2,30,No
A00629,P0220,CL001,Prescription Review,2026-05-14 12:15,2026-06-10 12:15,Completed,27,60,Yes
A00630,P0144,CL001,Blood Test,2026-04-20 08:30,2026-05-03 11:30,Completed,13,60,Yes
A00631,P0093,CL004,Community Follow-up,2026-01-12 11:00,2026-01-20 14:00,Completed,8,15,Yes
A00632,P0086,CL003,GP Consultation,2026-05-27 08:15,2026-06-18 11:15,No-show,22,20,Yes
A00633,P0080,CL006,GP Consultation,2026-06-10 09:00,2026-06-25 12:00,Cancelled by patient,7,30,No
A00634,P0064,CL005,Community Follow-up,2026-03-03 13:00,2026-03-29 15:00,Cancelled by clinic,26,15,Yes
A00635,P0159,CL003,GP Consultation,2026-01-25 15:00,2026-01-27 15:00,Completed,2,15,Yes
A00636,P0016,CL004,Prescription Review,2026-01-15 12:45,2026-01-17 12:45,Completed,2,15,Yes
A00637,P0098,CL004,Diagnostic Scan,2026-06-08 14:15,2026-07-05 14:15,Completed,27,45,No
A00638,P0159,CL003,Community Follow-up,2026-06-16 08:45,2026-07-02 10:45,Completed,16,15,Yes
A00639,P0183,CL004,Blood Test,2026-02-19 17:15,2026-03-11 19:15,Completed,20,60,Yes
A00640,P0063,CL006,Community Follow-up,2026-01-12 08:15,2026-01-21 11:15,Rescheduled,9,30,Yes
A00641,P0227,CL002,Blood Test,2026-02-07 10:45,2026-02-16 12:45,Completed,9,15,Yes
A00642,P0169,CL005,Nurse Appointment,2026-01-15 11:00,2026-01-28 13:00,Rescheduled,13,20,Yes
A00643,P0088,CL003,Community Follow-up,2026-05-02 15:30,2026-05-29 17:30,Completed,27,30,Yes
A00644,P0117,CL001,Prescription Review,2026-05-07 11:00,2026-05-27 12:00,Completed,20,60,Yes
A00645,P0124,CL003,Blood Test,2026-04-07 11:45,2026-04-12 11:45,Completed,5,30,Yes
A00646,P0030,CL003,Nurse Appointment,2026-04-23 11:30,2026-04-24 11:30,Completed,1,20,Yes
A00647,P0068,CL003,Nurse Appointment,2026-05-22 11:15,2026-05-28 11:15,Cancelled by clinic,6,15,Yes
A00648,P0174,CL001,Diagnostic Scan,2026-06-17 09:30,2026-06-23 11:30,Completed,6,30,Yes
A00649,P0241,CL003,Nurse Appointment,2026-06-09 14:00,2026-06-12 15:00,Cancelled by clinic,3,20,Yes
A00650,P0178,CL001,Community Follow-up,2026-06-03 14:15,2026-06-04 15:15,Completed,1,20,Yes
A00651,P0014,CL003,Diagnostic Scan,2026-03-13 10:45,2026-03-19 10:45,Cancelled by clinic,6,60,Yes
A00652,P0131,CL006,Nurse Appointment,2026-06-15 16:30,2026-06-30 19:30,Completed,15,30,Yes
A00653,P0124,CL004,Nurse Appointment,2026-05-02 12:45,2026-05-22 12:45,Completed,20,20,Yes
A00654,P0061,CL005,Blood Test,2026-03-20 14:45,2026-04-07 15:45,Completed,18,15,Yes
A00655,P0022,CL003,Diagnostic Scan,2026-05-13 13:15,2026-05-31 13:15,Completed,18,30,Yes
A00656,P0120,CL001,GP Consultation,2026-04-05 15:30,2026-04-13 18:30,Completed,8,20,Yes
A00657,P0020,CL002,Nurse Appointment,2026-01-22 12:00,2026-02-16 14:00,Completed,25,15,Yes
A00658,P0140,CL002,Nurse Appointment,2026-02-20 13:30,2026-03-01 15:30,Cancelled by patient,4,20,No
A00659,P0193,CL005,Diagnostic Scan,2026-03-08 08:30,2026-03-17 10:30,Rescheduled,9,60,Yes
A00660,P0004,CL001,Prescription Review,2026-05-12 10:45,2026-05-19 11:45,Cancelled by patient,3,45,Yes
A00661,P0151,CL004,Diagnostic Scan,2026-04-29 13:00,2026-05-09 14:00,Cancelled by clinic,10,45,Yes
A00662,P0116,CL001,Diagnostic Scan,2026-04-06 10:15,2026-04-15 10:15,Cancelled by clinic,9,30,Yes
A00663,P0108,CL001,Community Follow-up,2026-04-14 16:30,2026-04-24 16:30,Cancelled by clinic,10,20,Yes
A00664,P0244,CL005,Diagnostic Scan,2026-06-11 17:45,2026-06-23 18:45,Completed,12,45,Yes
A00665,P0028,CL005,Prescription Review,2026-04-26 12:00,2026-05-01 12:00,Completed,5,15,No
A00666,P0155,CL002,Nurse Appointment,2026-02-17 11:00,2026-03-01 13:00,Completed,12,60,Yes
A00667,P0015,CL002,Diagnostic Scan,2026-01-03 10:30,2026-01-30 13:30,Completed,27,15,Yes
A00668,P0108,CL001,Blood Test,2026-01-18 14:15,2026-01-22 15:15,Completed,4,45,Yes
A00669,P0148,CL005,GP Consultation,2026-02-21 16:45,2026-03-01 17:45,Rescheduled,8,45,Yes
A00670,P0103,CL004,Diagnostic Scan,2026-03-05 16:30,2026-03-23 19:30,Completed,18,15,Yes
A00671,P0074,CL005,Diagnostic Scan,2026-04-27 13:30,2026-05-09 14:30,Completed,12,60,Yes
A00672,P0118,CL006,Nurse Appointment,2026-06-18 10:00,2026-06-30 10:00,No-show,12,20,Yes
A00673,P0161,CL002,Community Follow-up,2026-06-20 09:15,2026-07-05 12:15,Completed,15,30,Yes
A00674,P0027,CL005,Nurse Appointment,2026-03-25 14:45,2026-03-30 16:45,Completed,5,45,Yes
A00675,P0164,CL001,Nurse Appointment,2026-04-29 14:30,2026-05-22 17:30,Completed,23,15,Yes
A00676,P0182,CL003,GP Consultation,2026-06-21 15:45,2026-07-05 15:45,Completed,14,20,Yes
A00677,P0113,CL001,Community Follow-up,2026-03-13 10:15,2026-04-08 10:15,Completed,26,30,Yes
A00678,P0190,CL001,Blood Test,2026-01-20 08:30,2026-01-24 11:30,Completed,4,15,No
A00679,P0137,CL005,Diagnostic Scan,2026-06-28 08:00,2026-07-10 10:00,Completed,12,15,Yes
A00680,P0097,CL002,Diagnostic Scan,2026-04-06 11:15,2026-04-08 11:15,Completed,2,15,Yes
A00681,P0050,CL003,Prescription Review,2026-01-17 11:00,2026-02-11 12:00,Completed,25,45,Yes
A00682,P0209,CL005,Diagnostic Scan,2026-05-24 11:15,2026-06-10 14:15,Completed,17,20,Yes
A00683,P0083,CL001,Diagnostic Scan,2026-04-13 13:00,2026-04-25 14:00,Completed,12,30,Yes
A00684,P0095,CL005,GP Consultation,2026-02-25 14:30,2026-03-21 17:30,Cancelled by patient,12,60,Yes
A00685,P0246,CL003,Prescription Review,2026-03-25 14:15,2026-04-04 15:15,Cancelled by patient,5,30,No
A00686,P0171,CL004,Community Follow-up,2026-03-27 08:45,2026-04-08 09:45,Cancelled by patient,6,15,Yes
A00687,P0158,CL001,Community Follow-up,2026-03-21 11:45,2026-04-14 12:45,Completed,24,20,Yes
A00688,P0076,CL004,Prescription Review,2026-04-07 11:00,2026-04-14 14:00,No-show,7,20,Yes
A00689,P0165,CL001,Nurse Appointment,2026-05-14 14:30,2026-06-07 14:30,Cancelled by clinic,24,30,Yes
A00690,P0053,CL005,Community Follow-up,2026-06-20 11:15,2026-07-09 14:15,Completed,19,45,Yes
A00691,P0017,CL001,GP Consultation,2026-02-19 08:15,2026-02-25 09:15,Completed,6,60,No
A00692,P0239,CL003,Blood Test,2026-05-10 09:45,2026-06-02 12:45,Completed,23,20,Yes
A00693,P0046,CL004,Blood Test,2026-03-19 12:45,2026-04-08 13:45,No-show,20,45,Yes
A00694,P0249,CL002,Community Follow-up,2026-04-07 10:45,2026-04-21 13:45,Cancelled by patient,7,45,Yes
A00695,P0210,CL004,Blood Test,2026-01-06 14:45,2026-02-02 14:45,Cancelled by patient,13,20,Yes
A00696,P0045,CL004,Community Follow-up,2026-04-29 12:45,2026-05-08 15:45,Cancelled by patient,4,15,Yes
A00697,P0184,CL005,Diagnostic Scan,2026-02-09 11:00,2026-02-09 13:00,Completed,0,45,No
A00698,P0249,CL004,GP Consultation,2026-05-06 12:00,2026-05-19 12:00,Completed,13,60,Yes
A00699,P0196,CL005,Prescription Review,2026-03-07 13:45,2026-03-27 15:45,Completed,20,45,No
A00700,P0189,CL003,Prescription Review,2026-05-03 08:30,2026-05-23 08:30,Completed,20,20,Yes
