prescription_id,patient_id,clinic_id,medication_group,request_date,processed_date,collection_date,prescription_status,processing_days
RX00001,P0030,CL003,Inhaler,2026-06-22,2026-06-24,2026-06-24,Collected,2
RX00002,P0163,CL003,Repeat prescription,2026-04-26,2026-04-26,2026-04-29,Collected,0
RX00003,P0140,CL002,Repeat prescription,2026-02-12,2026-02-12,2026-02-12,Collected,0
RX00004,P0148,CL001,Blood pressure medication,2026-01-04,2026-01-04,2026-01-11,Collected,0
RX00005,P0180,CL003,Diabetes medication,2026-05-08,2026-05-09,2026-05-10,Collected,1
RX00006,P0250,CL003,Inhaler,2026-03-27,2026-03-28,2026-03-29,Collected,1
RX00007,P0139,CL003,Pain relief,2026-04-22,2026-04-26,2026-04-29,Collected,4
RX00008,P0180,CL003,Diabetes medication,2026-06-08,2026-06-12,2026-06-12,Collected,4
RX00009,P0239,CL003,Repeat prescription,2026-04-16,2026-04-19,2026-04-21,Collected,3
RX00010,P0114,CL003,Antibiotics,2026-05-09,2026-05-12,2026-05-17,Collected,3
RX00011,P0142,CL001,Antibiotics,2026-04-08,2026-04-12,2026-04-19,Collected,4
RX00012,P0106,CL005,Pain relief,2026-06-15,2026-06-22,2026-06-25,Collected,7
RX00013,P0226,CL001,Inhaler,2026-06-18,2026-06-22,2026-06-27,Collected,4
RX00014,P0002,CL005,Diabetes medication,2026-04-17,2026-04-17,,Delayed,0
RX00015,P0210,CL003,Diabetes medication,2026-06-03,2026-06-03,2026-06-05,Collected,0
RX00016,P0250,CL003,Inhaler,2026-04-11,2026-04-15,2026-04-20,Collected,4
RX00017,P0241,CL003,Inhaler,2026-06-12,2026-06-13,2026-06-14,Collected,1
RX00018,P0026,CL001,Repeat prescription,2026-02-02,2026-02-04,,Delayed,2
RX00019,P0235,CL001,Antibiotics,2026-03-08,2026-03-15,2026-03-15,Collected,7
RX00020,P0003,CL004,Blood pressure medication,2026-06-10,2026-06-10,,Delayed,0
RX00021,P0147,CL006,Inhaler,2026-04-08,2026-04-18,,Ready,10
RX00022,P0062,CL004,Antibiotics,2026-06-17,2026-06-17,,Ready,0
RX00023,P0198,CL003,Diabetes medication,2026-03-08,2026-03-08,2026-03-08,Collected,0
RX00024,P0222,CL003,Pain relief,2026-01-27,2026-02-03,2026-02-03,Collected,7
RX00025,P0230,CL002,Antibiotics,2026-02-16,2026-02-18,,Delayed,2
RX00026,P0026,CL001,Repeat prescription,2026-05-06,2026-05-06,2026-05-13,Collected,0
RX00027,P0108,CL001,Inhaler,2026-04-07,2026-04-11,2026-04-11,Collected,4
RX00028,P0169,CL005,Diabetes medication,2026-05-26,2026-05-26,2026-05-27,Collected,0
RX00029,P0154,CL005,Diabetes medication,2026-05-20,2026-05-22,2026-05-23,Collected,2
RX00030,P0008,CL005,Blood pressure medication,2026-05-18,2026-05-18,,Delayed,0
RX00031,P0084,CL003,Antibiotics,2026-02-05,2026-02-08,2026-02-15,Collected,3
RX00032,P0052,CL003,Antibiotics,2026-01-24,2026-01-25,2026-01-30,Collected,1
RX00033,P0237,CL005,Antibiotics,2026-02-19,2026-02-19,,Ready,0
RX00034,P0027,CL005,Antibiotics,2026-05-30,2026-05-30,,Ready,0
RX00035,P0227,CL002,Antibiotics,2026-04-25,2026-04-29,2026-05-01,Collected,4
RX00036,P0052,CL003,Blood pressure medication,2026-05-26,2026-05-31,2026-06-05,Collected,5
RX00037,P0246,CL003,Diabetes medication,2026-05-11,2026-05-12,2026-05-17,Collected,1
RX00038,P0091,CL002,Pain relief,2026-04-12,2026-04-12,,Ready,0
RX00039,P0063,CL006,Pain relief,2026-01-19,2026-01-20,2026-01-23,Collected,1
RX00040,P0177,CL006,Diabetes medication,2026-01-03,2026-01-04,,Delayed,1
RX00041,P0017,CL003,Diabetes medication,2026-04-09,2026-04-11,2026-04-11,Collected,2
RX00042,P0243,CL001,Inhaler,2026-06-21,2026-06-24,,Ready,3
RX00043,P0051,CL005,Antibiotics,2026-01-13,2026-01-13,2026-01-14,Collected,0
RX00044,P0044,CL005,Diabetes medication,2026-06-03,2026-06-04,2026-06-04,Collected,1
RX00045,P0002,CL005,Diabetes medication,2026-04-29,2026-05-03,,Delayed,4
RX00046,P0011,CL001,Pain relief,2026-03-28,2026-03-29,2026-04-03,Collected,1
RX00047,P0071,CL001,Blood pressure medication,2026-03-23,2026-03-23,2026-03-26,Collected,0
RX00048,P0101,CL003,Pain relief,2026-03-18,2026-03-22,2026-04-05,Collected,4
RX00049,P0241,CL003,Pain relief,2026-06-08,2026-06-09,2026-06-14,Collected,1
RX00050,P0221,CL003,Pain relief,2026-06-26,2026-06-26,,Delayed,0
RX00051,P0209,CL005,Pain relief,2026-05-18,2026-05-19,2026-05-22,Collected,1
RX00052,P0020,CL002,Antibiotics,2026-03-09,2026-03-10,2026-03-10,Collected,1
RX00053,P0031,CL006,Antibiotics,2026-02-02,2026-02-05,,Cancelled,3
RX00054,P0164,CL001,Pain relief,2026-04-25,2026-04-27,,Cancelled,2
RX00055,P0198,CL003,Diabetes medication,2026-05-04,2026-05-05,2026-05-06,Collected,1
RX00056,P0214,CL004,Repeat prescription,2026-03-04,2026-03-04,2026-03-06,Collected,0
RX00057,P0056,CL005,Diabetes medication,2026-04-30,2026-05-02,,Ready,2
RX00058,P0132,CL006,Inhaler,2026-03-22,2026-03-25,2026-03-30,Collected,3
RX00059,P0057,CL002,Inhaler,2026-04-04,2026-04-09,,Ready,5
RX00060,P0018,CL003,Blood pressure medication,2026-03-13,2026-03-16,2026-03-23,Collected,3
RX00061,P0038,CL006,Blood pressure medication,2026-04-29,2026-04-30,2026-05-07,Collected,1
RX00062,P0122,CL006,Pain relief,2026-06-19,2026-06-20,2026-06-20,Collected,1
RX00063,P0111,CL005,Pain relief,2026-02-24,2026-02-26,2026-02-28,Collected,2
RX00064,P0095,CL005,Antibiotics,2026-01-26,2026-01-29,2026-01-30,Collected,3
RX00065,P0046,CL004,Inhaler,2026-06-02,2026-06-04,2026-06-04,Collected,2
RX00066,P0246,CL003,Blood pressure medication,2026-01-29,2026-01-29,2026-01-29,Collected,0
RX00067,P0137,CL005,Antibiotics,2026-01-26,2026-01-31,2026-02-03,Collected,5
RX00068,P0026,CL001,Pain relief,2026-02-26,2026-02-26,2026-03-01,Collected,0
RX00069,P0181,CL002,Antibiotics,2026-06-02,2026-06-02,,Ready,0
RX00070,P0190,CL001,Antibiotics,2026-03-20,2026-03-21,2026-03-21,Collected,1
RX00071,P0037,CL003,Blood pressure medication,2026-01-04,2026-01-05,2026-01-05,Collected,1
RX00072,P0044,CL005,Inhaler,2026-06-23,2026-06-30,2026-07-02,Collected,7
RX00073,P0121,CL001,Diabetes medication,2026-01-29,2026-01-31,,Delayed,2
RX00074,P0129,CL005,Antibiotics,2026-02-12,2026-02-12,2026-02-17,Collected,0
RX00075,P0189,CL003,Pain relief,2026-03-31,2026-04-03,2026-04-04,Collected,3
RX00076,P0078,CL004,Blood pressure medication,2026-03-27,2026-03-27,,Ready,0
RX00077,P0038,CL006,Repeat prescription,2026-04-16,2026-04-17,2026-04-17,Collected,1
RX00078,P0250,CL003,Repeat prescription,2026-04-21,2026-04-24,,Delayed,3
RX00079,P0028,CL005,Repeat prescription,2026-03-12,2026-03-22,2026-03-27,Collected,10
RX00080,P0090,CL005,Diabetes medication,2026-03-26,2026-04-02,2026-04-03,Collected,7
RX00081,P0134,CL005,Pain relief,2026-06-29,2026-06-30,,Cancelled,1
RX00082,P0074,CL005,Diabetes medication,2026-01-29,2026-02-05,2026-02-05,Collected,7
RX00083,P0248,CL003,Blood pressure medication,2026-03-16,2026-03-17,,Ready,1
RX00084,P0117,CL006,Blood pressure medication,2026-01-11,2026-01-15,2026-01-15,Collected,4
RX00085,P0111,CL005,Diabetes medication,2026-04-01,2026-04-02,2026-04-03,Collected,1
RX00086,P0171,CL004,Antibiotics,2026-05-24,2026-05-27,,Ready,3
RX00087,P0150,CL006,Repeat prescription,2026-01-21,2026-01-21,2026-01-28,Collected,0
RX00088,P0164,CL001,Pain relief,2026-04-09,2026-04-16,2026-04-16,Collected,7
RX00089,P0153,CL004,Repeat prescription,2026-03-21,2026-03-24,2026-03-25,Collected,3
RX00090,P0197,CL002,Pain relief,2026-02-21,2026-02-22,2026-02-22,Collected,1
RX00091,P0146,CL005,Inhaler,2026-06-10,2026-06-11,2026-06-16,Collected,1
RX00092,P0135,CL003,Antibiotics,2026-04-24,2026-04-25,2026-04-26,Collected,1
RX00093,P0119,CL004,Diabetes medication,2026-01-08,2026-01-15,,Ready,7
RX00094,P0233,CL003,Pain relief,2026-03-19,2026-03-19,2026-03-21,Collected,0
RX00095,P0014,CL003,Diabetes medication,2026-04-11,2026-04-14,,Ready,3
RX00096,P0118,CL006,Diabetes medication,2026-01-14,2026-01-15,2026-01-29,Collected,1
RX00097,P0025,CL003,Diabetes medication,2026-03-16,2026-03-19,2026-03-24,Collected,3
RX00098,P0173,CL001,Inhaler,2026-05-11,2026-05-13,,Cancelled,2
RX00099,P0058,CL003,Antibiotics,2026-06-22,2026-06-24,,Delayed,2
RX00100,P0160,CL002,Diabetes medication,2026-06-26,2026-06-26,,Delayed,0
RX00101,P0025,CL003,Blood pressure medication,2026-03-05,2026-03-07,2026-03-12,Collected,2
RX00102,P0238,CL005,Diabetes medication,2026-02-01,2026-02-03,2026-02-03,Collected,2
RX00103,P0067,CL004,Repeat prescription,2026-06-06,2026-06-07,2026-06-09,Collected,1
RX00104,P0169,CL005,Diabetes medication,2026-03-03,2026-03-05,2026-03-06,Collected,2
RX00105,P0127,CL003,Antibiotics,2026-04-05,2026-04-06,2026-04-11,Collected,1
RX00106,P0038,CL006,Blood pressure medication,2026-01-08,2026-01-08,2026-01-09,Collected,0
RX00107,P0166,CL006,Antibiotics,2026-06-16,2026-06-16,,Cancelled,0
RX00108,P0226,CL001,Diabetes medication,2026-04-28,2026-05-08,,Delayed,10
RX00109,P0054,CL001,Repeat prescription,2026-03-31,2026-04-02,2026-04-02,Collected,2
RX00110,P0185,CL001,Repeat prescription,2026-05-25,2026-05-28,2026-05-31,Collected,3
RX00111,P0078,CL004,Diabetes medication,2026-04-11,2026-04-12,2026-04-14,Collected,1
RX00112,P0182,CL006,Pain relief,2026-05-10,2026-05-10,,Delayed,0
RX00113,P0150,CL006,Blood pressure medication,2026-06-08,2026-06-08,2026-06-13,Collected,0
RX00114,P0171,CL004,Repeat prescription,2026-01-28,2026-01-29,,Ready,1
RX00115,P0204,CL001,Blood pressure medication,2026-03-02,2026-03-05,,Cancelled,3
RX00116,P0016,CL001,Pain relief,2026-06-06,2026-06-06,2026-06-09,Collected,0
RX00117,P0156,CL006,Repeat prescription,2026-06-11,2026-06-12,2026-06-15,Collected,1
RX00118,P0147,CL006,Inhaler,2026-05-23,2026-05-24,2026-05-25,Collected,1
RX00119,P0190,CL001,Blood pressure medication,2026-02-11,2026-02-11,,Delayed,0
RX00120,P0053,CL005,Blood pressure medication,2026-01-09,2026-01-10,2026-01-11,Collected,1
RX00121,P0088,CL003,Diabetes medication,2026-02-17,2026-02-17,,Delayed,0
RX00122,P0091,CL002,Blood pressure medication,2026-04-02,2026-04-06,2026-04-07,Collected,4
RX00123,P0146,CL005,Diabetes medication,2026-01-21,2026-01-21,2026-01-23,Collected,0
RX00124,P0085,CL005,Blood pressure medication,2026-01-06,2026-01-13,,Ready,7
RX00125,P0224,CL004,Diabetes medication,2026-02-10,2026-02-12,2026-02-12,Collected,2
RX00126,P0129,CL005,Pain relief,2026-03-21,2026-03-23,2026-03-30,Collected,2
RX00127,P0168,CL005,Blood pressure medication,2026-01-08,2026-01-09,,Delayed,1
RX00128,P0036,CL004,Inhaler,2026-02-22,2026-03-01,,Delayed,7
RX00129,P0127,CL003,Repeat prescription,2026-01-19,2026-01-20,2026-01-20,Collected,1
RX00130,P0157,CL002,Blood pressure medication,2026-01-21,2026-01-28,2026-01-29,Collected,7
RX00131,P0128,CL006,Inhaler,2026-05-10,2026-05-11,,Delayed,1
RX00132,P0006,CL006,Repeat prescription,2026-01-15,2026-01-17,2026-01-22,Collected,2
RX00133,P0005,CL002,Repeat prescription,2026-05-22,2026-05-23,2026-05-24,Collected,1
RX00134,P0110,CL004,Pain relief,2026-05-21,2026-05-22,,Cancelled,1
RX00135,P0091,CL002,Blood pressure medication,2026-02-19,2026-02-24,2026-02-24,Collected,5
RX00136,P0059,CL004,Blood pressure medication,2026-04-16,2026-04-26,,Ready,10
RX00137,P0020,CL002,Repeat prescription,2026-01-15,2026-01-15,2026-01-15,Collected,0
RX00138,P0228,CL001,Blood pressure medication,2026-03-04,2026-03-06,2026-03-08,Collected,2
RX00139,P0020,CL002,Inhaler,2026-03-06,2026-03-08,2026-03-11,Collected,2
RX00140,P0114,CL003,Pain relief,2026-03-19,2026-03-24,,Delayed,5
RX00141,P0179,CL005,Diabetes medication,2026-05-19,2026-05-19,,Ready,0
RX00142,P0125,CL004,Pain relief,2026-03-13,2026-03-18,2026-03-23,Collected,5
RX00143,P0190,CL001,Inhaler,2026-05-22,2026-05-23,2026-05-28,Collected,1
RX00144,P0179,CL005,Diabetes medication,2026-04-23,2026-04-23,2026-04-28,Collected,0
RX00145,P0099,CL005,Antibiotics,2026-03-18,2026-03-19,2026-03-21,Collected,1
RX00146,P0099,CL005,Blood pressure medication,2026-04-24,2026-04-24,2026-04-24,Collected,0
RX00147,P0170,CL006,Pain relief,2026-03-20,2026-03-27,,Ready,7
RX00148,P0237,CL005,Antibiotics,2026-03-09,2026-03-12,,Delayed,3
RX00149,P0222,CL003,Pain relief,2026-04-20,2026-04-22,,Delayed,2
RX00150,P0220,CL001,Inhaler,2026-05-17,2026-05-19,2026-05-21,Collected,2
RX00151,P0246,CL003,Pain relief,2026-04-08,2026-04-08,,Ready,0
RX00152,P0022,CL003,Pain relief,2026-03-05,2026-03-06,2026-03-07,Collected,1
RX00153,P0069,CL004,Pain relief,2026-06-18,2026-06-18,2026-06-20,Collected,0
RX00154,P0217,CL002,Pain relief,2026-02-15,2026-02-15,2026-02-15,Collected,0
RX00155,P0123,CL006,Diabetes medication,2026-06-13,2026-06-14,2026-06-16,Collected,1
RX00156,P0142,CL001,Antibiotics,2026-03-22,2026-03-22,2026-03-25,Collected,0
RX00157,P0033,CL002,Repeat prescription,2026-02-28,2026-03-05,2026-03-07,Collected,5
RX00158,P0010,CL001,Blood pressure medication,2026-02-17,2026-02-19,,Ready,2
RX00159,P0244,CL003,Repeat prescription,2026-03-08,2026-03-11,2026-03-16,Collected,3
RX00160,P0012,CL005,Blood pressure medication,2026-06-03,2026-06-03,2026-06-05,Collected,0
RX00161,P0061,CL005,Antibiotics,2026-02-22,2026-02-26,2026-03-01,Collected,4
RX00162,P0225,CL006,Antibiotics,2026-03-14,2026-03-15,2026-03-18,Collected,1
RX00163,P0230,CL002,Pain relief,2026-06-16,2026-06-23,2026-06-24,Collected,7
RX00164,P0012,CL005,Repeat prescription,2026-03-16,2026-03-16,2026-03-16,Collected,0
RX00165,P0200,CL002,Repeat prescription,2026-05-11,2026-05-18,2026-05-19,Collected,7
RX00166,P0186,CL004,Diabetes medication,2026-02-08,2026-02-15,,Cancelled,7
RX00167,P0129,CL005,Blood pressure medication,2026-05-28,2026-05-30,,Delayed,2
RX00168,P0156,CL006,Inhaler,2026-05-01,2026-05-02,2026-05-02,Collected,1
RX00169,P0085,CL005,Inhaler,2026-03-04,2026-03-05,2026-03-08,Collected,1
RX00170,P0114,CL003,Repeat prescription,2026-04-15,2026-04-16,,Delayed,1
RX00171,P0124,CL001,Inhaler,2026-06-04,2026-06-08,,Delayed,4
RX00172,P0237,CL005,Pain relief,2026-05-18,2026-05-21,2026-05-23,Collected,3
RX00173,P0088,CL003,Antibiotics,2026-03-22,2026-03-23,2026-03-25,Collected,1
RX00174,P0162,CL006,Diabetes medication,2026-02-20,2026-02-20,2026-02-20,Collected,0
RX00175,P0183,CL004,Inhaler,2026-05-01,2026-05-06,2026-05-11,Collected,5
RX00176,P0019,CL006,Diabetes medication,2026-02-03,2026-02-08,2026-02-09,Collected,5
RX00177,P0062,CL004,Diabetes medication,2026-03-17,2026-03-22,2026-03-29,Collected,5
RX00178,P0028,CL005,Repeat prescription,2026-01-12,2026-01-19,2026-01-26,Collected,7
RX00179,P0214,CL004,Diabetes medication,2026-04-22,2026-04-25,,Ready,3
RX00180,P0235,CL001,Repeat prescription,2026-05-11,2026-05-16,2026-05-18,Collected,5
RX00181,P0117,CL006,Blood pressure medication,2026-04-08,2026-04-08,2026-04-11,Collected,0
RX00182,P0060,CL006,Diabetes medication,2026-03-18,2026-03-18,2026-03-20,Collected,0
RX00183,P0217,CL002,Blood pressure medication,2026-04-20,2026-04-21,,Delayed,1
RX00184,P0209,CL005,Pain relief,2026-02-23,2026-02-25,2026-02-27,Collected,2
RX00185,P0043,CL002,Pain relief,2026-01-31,2026-02-02,2026-02-02,Collected,2
RX00186,P0156,CL006,Inhaler,2026-01-28,2026-01-28,,Delayed,0
RX00187,P0008,CL005,Inhaler,2026-06-03,2026-06-03,2026-06-08,Collected,0
RX00188,P0073,CL002,Blood pressure medication,2026-05-27,2026-05-29,2026-06-03,Collected,2
RX00189,P0184,CL005,Inhaler,2026-06-30,2026-07-05,2026-07-07,Collected,5
RX00190,P0072,CL006,Blood pressure medication,2026-06-21,2026-06-25,2026-06-28,Collected,4
RX00191,P0084,CL003,Blood pressure medication,2026-02-10,2026-02-11,2026-02-13,Collected,1
RX00192,P0181,CL002,Pain relief,2026-06-26,2026-06-27,,Ready,1
RX00193,P0049,CL004,Inhaler,2026-05-23,2026-05-24,,Delayed,1
RX00194,P0173,CL001,Pain relief,2026-02-20,2026-02-20,,Ready,0
RX00195,P0034,CL003,Inhaler,2026-02-20,2026-02-20,2026-02-20,Collected,0
RX00196,P0182,CL006,Inhaler,2026-02-15,2026-02-18,2026-02-20,Collected,3
RX00197,P0164,CL001,Repeat prescription,2026-03-31,2026-04-05,,Delayed,5
RX00198,P0125,CL004,Pain relief,2026-05-06,2026-05-08,2026-05-09,Collected,2
RX00199,P0108,CL001,Pain relief,2026-04-25,2026-04-28,2026-04-28,Collected,3
RX00200,P0170,CL006,Antibiotics,2026-01-30,2026-02-02,2026-02-05,Collected,3
RX00201,P0154,CL005,Antibiotics,2026-04-16,2026-04-17,,Delayed,1
RX00202,P0016,CL001,Antibiotics,2026-05-24,2026-05-27,,Ready,3
RX00203,P0103,CL004,Blood pressure medication,2026-03-08,2026-03-10,2026-03-10,Collected,2
RX00204,P0079,CL003,Repeat prescription,2026-04-25,2026-04-27,2026-04-27,Collected,2
RX00205,P0029,CL006,Blood pressure medication,2026-06-07,2026-06-07,,Delayed,0
RX00206,P0206,CL006,Repeat prescription,2026-04-08,2026-04-13,2026-04-16,Collected,5
RX00207,P0013,CL003,Antibiotics,2026-05-13,2026-05-15,,Delayed,2
RX00208,P0221,CL003,Repeat prescription,2026-02-28,2026-03-05,2026-03-06,Collected,5
RX00209,P0064,CL005,Antibiotics,2026-01-04,2026-01-07,2026-01-09,Collected,3
RX00210,P0011,CL001,Blood pressure medication,2026-02-10,2026-02-10,2026-02-12,Collected,0
RX00211,P0070,CL004,Blood pressure medication,2026-02-01,2026-02-01,2026-02-04,Collected,0
RX00212,P0020,CL002,Inhaler,2026-01-19,2026-01-19,2026-01-22,Collected,0
RX00213,P0025,CL003,Antibiotics,2026-05-31,2026-06-04,,Ready,4
RX00214,P0132,CL006,Diabetes medication,2026-01-06,2026-01-07,,Cancelled,1
RX00215,P0121,CL001,Antibiotics,2026-04-07,2026-04-07,2026-04-21,Collected,0
RX00216,P0073,CL002,Pain relief,2026-06-29,2026-06-30,,Ready,1
RX00217,P0196,CL005,Inhaler,2026-05-20,2026-05-21,2026-06-04,Collected,1
RX00218,P0115,CL006,Blood pressure medication,2026-04-05,2026-04-07,,Ready,2
RX00219,P0025,CL003,Inhaler,2026-05-24,2026-05-29,2026-05-31,Collected,5
RX00220,P0104,CL004,Repeat prescription,2026-06-07,2026-06-07,2026-06-09,Collected,0
RX00221,P0087,CL001,Pain relief,2026-02-08,2026-02-11,,Delayed,3
RX00222,P0177,CL006,Pain relief,2026-02-23,2026-02-25,2026-02-26,Collected,2
RX00223,P0119,CL004,Inhaler,2026-05-04,2026-05-11,2026-05-12,Collected,7
RX00224,P0194,CL004,Blood pressure medication,2026-01-04,2026-01-04,,Cancelled,0
RX00225,P0227,CL002,Diabetes medication,2026-04-19,2026-04-21,2026-04-23,Collected,2
RX00226,P0108,CL001,Repeat prescription,2026-04-13,2026-04-13,,Ready,0
RX00227,P0070,CL004,Repeat prescription,2026-05-14,2026-05-16,2026-05-16,Collected,2
RX00228,P0053,CL005,Repeat prescription,2026-06-07,2026-06-09,2026-06-09,Collected,2
RX00229,P0185,CL001,Blood pressure medication,2026-02-04,2026-02-04,2026-02-05,Collected,0
RX00230,P0002,CL005,Blood pressure medication,2026-03-21,2026-03-24,2026-03-26,Collected,3
RX00231,P0160,CL002,Pain relief,2026-04-30,2026-04-30,,Delayed,0
RX00232,P0161,CL002,Repeat prescription,2026-01-04,2026-01-05,2026-01-12,Collected,1
RX00233,P0079,CL003,Inhaler,2026-04-05,2026-04-12,2026-04-14,Collected,7
RX00234,P0020,CL002,Blood pressure medication,2026-06-01,2026-06-04,2026-06-05,Collected,3
RX00235,P0033,CL002,Pain relief,2026-05-14,2026-05-15,2026-05-18,Collected,1
RX00236,P0248,CL003,Blood pressure medication,2026-06-07,2026-06-07,,Cancelled,0
RX00237,P0238,CL005,Blood pressure medication,2026-06-07,2026-06-07,2026-06-12,Collected,0
RX00238,P0036,CL004,Blood pressure medication,2026-05-11,2026-05-14,2026-05-15,Collected,3
RX00239,P0062,CL004,Diabetes medication,2026-05-24,2026-05-27,2026-05-30,Collected,3
RX00240,P0082,CL001,Repeat prescription,2026-05-16,2026-05-23,,Delayed,7
RX00241,P0037,CL003,Diabetes medication,2026-04-22,2026-04-24,2026-04-27,Collected,2
RX00242,P0231,CL006,Repeat prescription,2026-04-22,2026-04-22,2026-04-23,Collected,0
RX00243,P0089,CL005,Blood pressure medication,2026-04-19,2026-04-20,,Ready,1
RX00244,P0051,CL005,Pain relief,2026-04-24,2026-04-24,2026-04-25,Collected,0
RX00245,P0235,CL001,Antibiotics,2026-03-06,2026-03-08,2026-03-08,Collected,2
RX00246,P0102,CL003,Repeat prescription,2026-01-12,2026-01-14,,Delayed,2
RX00247,P0238,CL005,Diabetes medication,2026-05-01,2026-05-03,,Delayed,2
RX00248,P0207,CL004,Repeat prescription,2026-01-27,2026-01-27,2026-02-03,Collected,0
RX00249,P0046,CL004,Repeat prescription,2026-02-03,2026-02-07,2026-02-07,Collected,4
RX00250,P0016,CL001,Blood pressure medication,2026-03-22,2026-04-01,2026-04-01,Collected,10
RX00251,P0086,CL003,Diabetes medication,2026-06-22,2026-06-27,,Delayed,5
RX00252,P0004,CL001,Diabetes medication,2026-06-20,2026-06-24,2026-06-26,Collected,4
RX00253,P0038,CL006,Diabetes medication,2026-03-10,2026-03-11,2026-03-12,Collected,1
RX00254,P0105,CL001,Diabetes medication,2026-02-14,2026-02-15,2026-02-16,Collected,1
RX00255,P0215,CL001,Blood pressure medication,2026-06-28,2026-06-28,2026-07-05,Collected,0
RX00256,P0048,CL003,Pain relief,2026-03-23,2026-03-26,2026-03-29,Collected,3
RX00257,P0118,CL006,Inhaler,2026-01-21,2026-01-25,,Delayed,4
RX00258,P0192,CL006,Diabetes medication,2026-02-03,2026-02-04,2026-02-05,Collected,1
RX00259,P0081,CL006,Pain relief,2026-04-16,2026-04-17,,Cancelled,1
RX00260,P0179,CL005,Repeat prescription,2026-04-23,2026-04-25,2026-04-27,Collected,2
RX00261,P0134,CL005,Diabetes medication,2026-04-26,2026-05-03,2026-05-05,Collected,7
RX00262,P0054,CL001,Pain relief,2026-06-29,2026-07-01,2026-07-04,Collected,2
RX00263,P0180,CL003,Antibiotics,2026-05-09,2026-05-09,2026-05-12,Collected,0
RX00264,P0067,CL004,Diabetes medication,2026-01-09,2026-01-11,2026-01-12,Collected,2
RX00265,P0097,CL004,Blood pressure medication,2026-06-18,2026-06-19,2026-06-19,Collected,1
RX00266,P0041,CL002,Pain relief,2026-04-18,2026-04-19,2026-04-26,Collected,1
RX00267,P0079,CL003,Diabetes medication,2026-02-11,2026-02-14,2026-02-15,Collected,3
RX00268,P0148,CL001,Diabetes medication,2026-06-27,2026-06-29,,Ready,2
RX00269,P0087,CL001,Diabetes medication,2026-05-04,2026-05-04,2026-05-11,Collected,0
RX00270,P0028,CL005,Diabetes medication,2026-04-18,2026-04-25,2026-04-26,Collected,7
RX00271,P0043,CL002,Repeat prescription,2026-03-18,2026-03-25,2026-03-27,Collected,7
RX00272,P0086,CL003,Antibiotics,2026-01-14,2026-01-18,2026-01-18,Collected,4
RX00273,P0043,CL002,Inhaler,2026-04-28,2026-04-28,2026-04-28,Collected,0
RX00274,P0061,CL005,Pain relief,2026-02-22,2026-02-25,2026-02-25,Collected,3
RX00275,P0002,CL005,Inhaler,2026-05-03,2026-05-03,2026-05-05,Collected,0
RX00276,P0234,CL004,Inhaler,2026-05-01,2026-05-04,2026-05-07,Collected,3
RX00277,P0082,CL001,Antibiotics,2026-02-04,2026-02-09,,Ready,5
RX00278,P0153,CL004,Blood pressure medication,2026-04-11,2026-04-12,,Cancelled,1
RX00279,P0057,CL002,Diabetes medication,2026-06-05,2026-06-06,,Delayed,1
RX00280,P0154,CL005,Antibiotics,2026-04-12,2026-04-12,2026-04-12,Collected,0
RX00281,P0024,CL002,Antibiotics,2026-03-28,2026-03-29,2026-03-30,Collected,1
RX00282,P0009,CL003,Antibiotics,2026-03-08,2026-03-08,,Delayed,0
RX00283,P0207,CL004,Inhaler,2026-01-22,2026-01-25,,Ready,3
RX00284,P0082,CL001,Repeat prescription,2026-02-02,2026-02-05,2026-02-05,Collected,3
RX00285,P0103,CL004,Antibiotics,2026-04-19,2026-04-20,2026-04-23,Collected,1
RX00286,P0129,CL005,Inhaler,2026-04-06,2026-04-10,2026-04-24,Collected,4
RX00287,P0109,CL003,Diabetes medication,2026-05-17,2026-05-17,,Delayed,0
RX00288,P0067,CL004,Antibiotics,2026-02-20,2026-02-21,2026-02-22,Collected,1
RX00289,P0118,CL006,Blood pressure medication,2026-04-04,2026-04-05,2026-04-06,Collected,1
RX00290,P0139,CL003,Repeat prescription,2026-03-10,2026-03-11,2026-03-11,Collected,1
RX00291,P0010,CL001,Inhaler,2026-06-02,2026-06-05,2026-06-07,Collected,3
RX00292,P0022,CL003,Pain relief,2026-05-17,2026-05-20,2026-05-22,Collected,3
RX00293,P0089,CL005,Diabetes medication,2026-04-28,2026-05-03,,Delayed,5
RX00294,P0146,CL005,Repeat prescription,2026-04-28,2026-04-29,2026-04-29,Collected,1
RX00295,P0164,CL001,Antibiotics,2026-01-26,2026-01-27,2026-01-29,Collected,1
RX00296,P0006,CL006,Inhaler,2026-02-17,2026-02-21,2026-02-22,Collected,4
RX00297,P0147,CL006,Inhaler,2026-03-08,2026-03-11,2026-03-11,Collected,3
RX00298,P0195,CL001,Inhaler,2026-04-22,2026-04-23,2026-04-26,Collected,1
RX00299,P0174,CL001,Inhaler,2026-03-14,2026-03-15,2026-03-15,Collected,1
RX00300,P0071,CL001,Inhaler,2026-03-10,2026-03-10,,Ready,0
RX00301,P0017,CL003,Antibiotics,2026-06-06,2026-06-08,2026-06-10,Collected,2
RX00302,P0122,CL006,Antibiotics,2026-05-23,2026-05-24,2026-05-25,Collected,1
RX00303,P0219,CL005,Diabetes medication,2026-05-08,2026-05-11,2026-05-12,Collected,3
RX00304,P0248,CL003,Pain relief,2026-01-21,2026-01-21,2026-01-24,Collected,0
RX00305,P0075,CL004,Pain relief,2026-03-22,2026-03-22,2026-03-24,Collected,0
RX00306,P0145,CL006,Inhaler,2026-04-21,2026-04-24,,Ready,3
RX00307,P0097,CL004,Inhaler,2026-05-18,2026-05-20,2026-05-25,Collected,2
RX00308,P0055,CL004,Repeat prescription,2026-01-29,2026-01-29,,Ready,0
RX00309,P0103,CL004,Pain relief,2026-05-21,2026-05-24,2026-05-25,Collected,3
RX00310,P0198,CL003,Antibiotics,2026-04-03,2026-04-05,2026-04-07,Collected,2
RX00311,P0127,CL003,Blood pressure medication,2026-04-29,2026-04-29,2026-05-04,Collected,0
RX00312,P0137,CL005,Antibiotics,2026-03-27,2026-03-30,2026-03-30,Collected,3
RX00313,P0250,CL003,Diabetes medication,2026-04-18,2026-04-20,2026-04-22,Collected,2
RX00314,P0129,CL005,Diabetes medication,2026-01-21,2026-01-28,2026-01-29,Collected,7
RX00315,P0161,CL002,Antibiotics,2026-05-01,2026-05-01,,Ready,0
RX00316,P0142,CL001,Antibiotics,2026-05-11,2026-05-12,2026-05-15,Collected,1
RX00317,P0240,CL006,Antibiotics,2026-02-21,2026-02-22,2026-03-01,Collected,1
RX00318,P0118,CL006,Diabetes medication,2026-03-04,2026-03-14,,Cancelled,10
RX00319,P0165,CL006,Repeat prescription,2026-01-29,2026-02-03,2026-02-10,Collected,5
RX00320,P0247,CL004,Antibiotics,2026-01-18,2026-01-21,2026-01-22,Collected,3
RX00321,P0221,CL003,Repeat prescription,2026-04-09,2026-04-16,2026-04-21,Collected,7
RX00322,P0199,CL002,Antibiotics,2026-06-05,2026-06-06,2026-06-11,Collected,1
RX00323,P0213,CL006,Antibiotics,2026-01-11,2026-01-14,2026-01-16,Collected,3
RX00324,P0202,CL002,Blood pressure medication,2026-02-01,2026-02-05,2026-02-08,Collected,4
RX00325,P0185,CL001,Antibiotics,2026-02-13,2026-02-16,2026-02-16,Collected,3
RX00326,P0054,CL001,Antibiotics,2026-03-09,2026-03-11,,Delayed,2
RX00327,P0193,CL004,Repeat prescription,2026-03-04,2026-03-05,,Ready,1
RX00328,P0067,CL004,Inhaler,2026-05-26,2026-05-29,2026-05-29,Collected,3
RX00329,P0226,CL001,Diabetes medication,2026-04-05,2026-04-08,,Ready,3
RX00330,P0163,CL003,Inhaler,2026-03-20,2026-03-23,,Ready,3
RX00331,P0038,CL006,Diabetes medication,2026-06-05,2026-06-06,,Delayed,1
RX00332,P0078,CL004,Diabetes medication,2026-02-07,2026-02-08,,Ready,1
RX00333,P0104,CL004,Diabetes medication,2026-05-03,2026-05-13,2026-05-15,Collected,10
RX00334,P0081,CL006,Diabetes medication,2026-05-14,2026-05-19,2026-05-21,Collected,5
RX00335,P0124,CL001,Pain relief,2026-02-14,2026-02-14,2026-02-21,Collected,0
RX00336,P0053,CL005,Inhaler,2026-02-27,2026-03-01,2026-03-04,Collected,2
RX00337,P0092,CL002,Diabetes medication,2026-05-08,2026-05-12,,Ready,4
RX00338,P0230,CL002,Pain relief,2026-02-28,2026-03-03,2026-03-04,Collected,3
RX00339,P0130,CL006,Inhaler,2026-01-18,2026-01-28,2026-01-28,Collected,10
RX00340,P0063,CL006,Diabetes medication,2026-03-07,2026-03-08,2026-03-11,Collected,1
RX00341,P0069,CL004,Inhaler,2026-05-22,2026-05-25,,Delayed,3
RX00342,P0134,CL005,Antibiotics,2026-03-19,2026-03-20,2026-03-22,Collected,1
RX00343,P0026,CL001,Antibiotics,2026-05-18,2026-05-22,2026-05-22,Collected,4
RX00344,P0022,CL003,Diabetes medication,2026-05-02,2026-05-04,2026-05-04,Collected,2
RX00345,P0003,CL004,Diabetes medication,2026-05-29,2026-06-01,2026-06-02,Collected,3
RX00346,P0207,CL004,Pain relief,2026-06-12,2026-06-22,2026-06-23,Collected,10
RX00347,P0127,CL003,Pain relief,2026-06-11,2026-06-13,,Delayed,2
RX00348,P0068,CL004,Antibiotics,2026-05-17,2026-05-18,2026-05-20,Collected,1
RX00349,P0029,CL006,Inhaler,2026-02-16,2026-02-17,2026-03-03,Collected,1
RX00350,P0046,CL004,Repeat prescription,2026-01-17,2026-01-17,2026-01-22,Collected,0
RX00351,P0138,CL006,Pain relief,2026-02-16,2026-02-19,2026-02-19,Collected,3
RX00352,P0197,CL002,Repeat prescription,2026-05-16,2026-05-19,2026-05-26,Collected,3
RX00353,P0040,CL006,Diabetes medication,2026-03-24,2026-03-27,,Delayed,3
RX00354,P0170,CL006,Pain relief,2026-02-10,2026-02-13,,Ready,3
RX00355,P0059,CL004,Repeat prescription,2026-03-09,2026-03-10,,Ready,1
RX00356,P0081,CL006,Antibiotics,2026-04-26,2026-04-28,2026-05-01,Collected,2
RX00357,P0015,CL002,Repeat prescription,2026-04-15,2026-04-25,2026-04-28,Collected,10
RX00358,P0052,CL003,Antibiotics,2026-02-23,2026-02-27,2026-02-27,Collected,4
RX00359,P0084,CL003,Pain relief,2026-05-23,2026-05-27,2026-05-29,Collected,4
RX00360,P0028,CL005,Antibiotics,2026-01-20,2026-01-21,,Ready,1
RX00361,P0244,CL003,Blood pressure medication,2026-01-12,2026-01-13,2026-01-27,Collected,1
RX00362,P0026,CL001,Antibiotics,2026-01-15,2026-01-17,2026-01-18,Collected,2
RX00363,P0035,CL004,Diabetes medication,2026-01-19,2026-01-23,2026-01-28,Collected,4
RX00364,P0052,CL003,Pain relief,2026-05-24,2026-05-25,,Ready,1
RX00365,P0143,CL005,Repeat prescription,2026-05-16,2026-05-16,,Delayed,0
RX00366,P0183,CL004,Inhaler,2026-03-22,2026-03-25,2026-03-25,Collected,3
RX00367,P0118,CL006,Repeat prescription,2026-04-03,2026-04-06,2026-04-09,Collected,3
RX00368,P0239,CL003,Blood pressure medication,2026-01-06,2026-01-08,,Ready,2
RX00369,P0213,CL006,Diabetes medication,2026-05-16,2026-05-16,2026-05-17,Collected,0
RX00370,P0224,CL004,Blood pressure medication,2026-03-25,2026-03-26,2026-03-27,Collected,1
RX00371,P0145,CL006,Blood pressure medication,2026-01-24,2026-01-26,,Delayed,2
RX00372,P0147,CL006,Pain relief,2026-04-30,2026-05-03,2026-05-06,Collected,3
RX00373,P0120,CL001,Diabetes medication,2026-04-26,2026-04-26,2026-04-28,Collected,0
RX00374,P0200,CL002,Antibiotics,2026-06-27,2026-06-28,2026-06-29,Collected,1
RX00375,P0005,CL002,Repeat prescription,2026-01-03,2026-01-04,2026-01-05,Collected,1
RX00376,P0197,CL002,Pain relief,2026-03-25,2026-03-28,,Delayed,3
RX00377,P0229,CL001,Blood pressure medication,2026-05-28,2026-05-31,2026-05-31,Collected,3
RX00378,P0137,CL005,Pain relief,2026-06-04,2026-06-06,2026-06-13,Collected,2
RX00379,P0238,CL005,Inhaler,2026-02-28,2026-03-01,2026-03-02,Collected,1
RX00380,P0198,CL003,Antibiotics,2026-04-01,2026-04-06,2026-04-13,Collected,5
RX00381,P0007,CL005,Antibiotics,2026-04-24,2026-04-24,2026-04-25,Collected,0
RX00382,P0152,CL004,Inhaler,2026-02-01,2026-02-03,2026-02-05,Collected,2
RX00383,P0194,CL004,Antibiotics,2026-02-23,2026-02-26,,Cancelled,3
RX00384,P0049,CL004,Blood pressure medication,2026-02-23,2026-02-25,,Delayed,2
RX00385,P0002,CL005,Pain relief,2026-04-08,2026-04-15,2026-04-15,Collected,7
RX00386,P0215,CL001,Antibiotics,2026-01-17,2026-01-18,2026-01-21,Collected,1
RX00387,P0225,CL006,Inhaler,2026-05-01,2026-05-04,2026-05-11,Collected,3
RX00388,P0046,CL004,Blood pressure medication,2026-05-25,2026-05-27,2026-05-27,Collected,2
RX00389,P0016,CL001,Inhaler,2026-06-02,2026-06-03,2026-06-04,Collected,1
RX00390,P0045,CL004,Blood pressure medication,2026-05-13,2026-05-14,,Ready,1
RX00391,P0128,CL006,Pain relief,2026-02-22,2026-02-24,2026-03-03,Collected,2
RX00392,P0008,CL005,Antibiotics,2026-01-07,2026-01-12,,Delayed,5
RX00393,P0012,CL005,Blood pressure medication,2026-05-19,2026-05-19,,Delayed,0
RX00394,P0108,CL001,Antibiotics,2026-01-17,2026-01-18,,Delayed,1
RX00395,P0035,CL004,Pain relief,2026-06-04,2026-06-06,2026-06-13,Collected,2
RX00396,P0169,CL005,Inhaler,2026-05-19,2026-05-21,,Delayed,2
RX00397,P0033,CL002,Repeat prescription,2026-02-26,2026-03-02,2026-03-02,Collected,4
RX00398,P0025,CL003,Pain relief,2026-04-14,2026-04-15,,Ready,1
RX00399,P0085,CL005,Repeat prescription,2026-04-29,2026-05-02,2026-05-02,Collected,3
RX00400,P0038,CL006,Blood pressure medication,2026-05-29,2026-05-31,,Cancelled,2
